<?xml version = '1.0' encoding = 'UTF-8'?>
<Diagram class="oracle.dbtools.crest.swingui.logical.DPVLogical" name="Logical" id="0C02A3FB-E9E7-0441-B5CA-603C7D5B5D28">
<createdBy>jeiso</createdBy>
<modifiedBy>jeiso</modifiedBy>
<createdTime>2025-09-15 16:53:36 UTC</createdTime>
<autoRoute>false</autoRoute>
<boxInbox>true</boxInbox>
<showLegend>false</showLegend>
<showLabels>false</showLabels>
<showRelAttributes>false</showRelAttributes>
<gridEnabled>false</gridEnabled>
<showGrid>false</showGrid>
<diagramColor>-1</diagramColor>
<display>false</display>
<notation>0</notation>
<objectViews>
<OView class="oracle.dbtools.crest.swingui.logical.TVEntity" oid="3186E115-28A1-1E97-855D-68D94EF3157F" otype="Entity" vid="D573D9C1-49A4-BB83-A42C-DD274AEDAD5C">
<hideElementsInCurrentOnly>false</hideElementsInCurrentOnly>
<bounds x="300" y="447" width="200" height="94"/>
</OView>
<OView class="oracle.dbtools.crest.swingui.logical.TVEntity" oid="344ABEBE-540A-471A-05BE-1D5168DAA812" otype="Entity" vid="041FC64D-460D-45F0-694A-55F91E13D1C3">
<hideElementsInCurrentOnly>false</hideElementsInCurrentOnly>
<bounds x="521" y="302" width="228" height="150"/>
</OView>
<OView class="oracle.dbtools.crest.swingui.logical.TVEntity" oid="3C096934-7A43-88CE-246E-924E64180ED9" otype="Entity" vid="53E7C28F-6A32-BEE5-3A54-94FBD7B6D314">
<hideElementsInCurrentOnly>false</hideElementsInCurrentOnly>
<bounds x="235" y="310" width="181" height="88"/>
</OView>
<OView class="oracle.dbtools.crest.swingui.logical.TVEntity" oid="72BF5D45-0884-E169-E9A2-B6EF8103470A" otype="Entity" vid="B48983B6-BAF1-E234-0280-11C176970096">
<hideElementsInCurrentOnly>false</hideElementsInCurrentOnly>
<bounds x="1114" y="700" width="186" height="74"/>
</OView>
<OView class="oracle.dbtools.crest.swingui.logical.TVEntity" oid="7DC416CE-3630-A520-5DD0-4596A1655560" otype="Entity" vid="442DBCAD-7372-7F5F-B9D5-03FC47EF4E53">
<hideElementsInCurrentOnly>false</hideElementsInCurrentOnly>
<bounds x="1191" y="223" width="203" height="74"/>
</OView>
<OView class="oracle.dbtools.crest.swingui.logical.TVEntity" oid="8E439189-4847-BCF9-B442-402E572C0347" otype="Entity" vid="A6CF5917-0F69-7B5D-FC8F-29982C4DAF57">
<hideElementsInCurrentOnly>false</hideElementsInCurrentOnly>
<bounds x="40" y="411" width="192" height="150"/>
</OView>
<OView class="oracle.dbtools.crest.swingui.logical.TVEntity" oid="946CFBA4-F2D8-6283-BE2B-CC324781F278" otype="Entity" vid="C020BE3F-3559-7B28-E304-E51793ADEFC2">
<hideElementsInCurrentOnly>false</hideElementsInCurrentOnly>
<bounds x="1183" y="318" width="217" height="74"/>
</OView>
<OView class="oracle.dbtools.crest.swingui.logical.TVEntity" oid="A15F0D92-F689-147D-7810-3C84930D95D0" otype="Entity" vid="AEBCBBA1-D393-2E1D-D28F-3074C9B26459">
<hideElementsInCurrentOnly>false</hideElementsInCurrentOnly>
<bounds x="97" y="649" width="168" height="88"/>
</OView>
<OView class="oracle.dbtools.crest.swingui.logical.TVEntity" oid="A20F5615-45E9-5C88-C913-642745EB11BF" otype="Entity" vid="36E4F664-D123-5577-6241-621FD33CFCED">
<hideElementsInCurrentOnly>false</hideElementsInCurrentOnly>
<bounds x="68" y="71" width="220" height="192"/>
</OView>
<OView class="oracle.dbtools.crest.swingui.logical.TVEntity" oid="B5060CEA-FA63-A51A-54AF-6297624E5F15" otype="Entity" vid="AB69FEC7-0628-B089-ED1F-479B6A23F295">
<hideElementsInCurrentOnly>false</hideElementsInCurrentOnly>
<bounds x="517" y="590" width="192" height="94"/>
</OView>
<OView class="oracle.dbtools.crest.swingui.logical.TVEntity" oid="C39FDE48-6FF0-0A9B-ACFA-B6320A9FBCC2" otype="Entity" vid="C4D8ED39-3F39-C148-4DAD-D137BD3184C8">
<hideElementsInCurrentOnly>false</hideElementsInCurrentOnly>
<bounds x="809" y="162" width="260" height="178"/>
</OView>
<OView class="oracle.dbtools.crest.swingui.logical.TVEntity" oid="CC855823-1686-E6A7-FB50-37FC207A8051" otype="Entity" vid="9D949E8C-41F8-7645-82BB-F535AE3589F8">
<hideElementsInCurrentOnly>false</hideElementsInCurrentOnly>
<bounds x="417" y="0" width="224" height="178"/>
</OView>
<OView class="oracle.dbtools.crest.swingui.logical.TVEntity" oid="D3B16934-5F7C-9131-51B5-E74E6E374C67" otype="Entity" vid="E8C4AD06-2681-E086-7BE6-8AD72C9B8A94">
<hideElementsInCurrentOnly>false</hideElementsInCurrentOnly>
<bounds x="1193" y="124" width="174" height="74"/>
</OView>
<OView class="oracle.dbtools.crest.swingui.logical.TVEntity" oid="D80662A1-5B1A-9A04-7886-24F96941F709" otype="Entity" vid="4AE74728-8E6E-B9F6-CB3A-44E9C816A75A">
<hideElementsInCurrentOnly>false</hideElementsInCurrentOnly>
<bounds x="821" y="356" width="247" height="122"/>
</OView>
<OView class="oracle.dbtools.crest.swingui.logical.TVEntity" oid="E50C337C-C40A-9DF8-9F6A-C14E9115A5A6" otype="Entity" vid="5FF24B84-26D3-C348-2DFB-9908E9F99BCF">
<hideElementsInCurrentOnly>false</hideElementsInCurrentOnly>
<bounds x="789" y="663" width="207" height="94"/>
</OView>
<OView class="oracle.dbtools.crest.swingui.logical.TVEntity" oid="ED247824-98A0-1FA5-E5C0-974ECEE68720" otype="Entity" vid="CD3BC2EB-4599-CC2F-CA0E-71810B0CE09F">
<hideElementsInCurrentOnly>false</hideElementsInCurrentOnly>
<bounds x="1147" y="472" width="195" height="108"/>
</OView>
<OView class="oracle.dbtools.crest.swingui.logical.TVEntity" oid="F7C0C56E-10FB-86E2-C241-246C1AD7F939" otype="Entity" vid="67037685-483C-4AC9-3F77-725B986B42CA">
<hideElementsInCurrentOnly>false</hideElementsInCurrentOnly>
<bounds x="790" y="37" width="266" height="102"/>
</OView>
</objectViews>
<connectors>
<Connector class="oracle.dbtools.crest.swingui.logical.TVRelation" oid="03C2AEFC-8F35-4F02-6782-5282CD63BC26" otype="Relation" vid_source="36E4F664-D123-5577-6241-621FD33CFCED" vid_target="A6CF5917-0F69-7B5D-FC8F-29982C4DAF57">
<hideElementsInCurrentOnly>false</hideElementsInCurrentOnly>
<backgroundColor>-16777216</backgroundColor>
<lineWidth>1</lineWidth>
<points>
<point x="150" y="263"/>
<point x="150" y="411"/>
</points>
</Connector>
<Connector class="oracle.dbtools.crest.swingui.logical.TVRelation" oid="22D2BCE4-3F11-3236-C5F6-33BF766A5718" otype="Relation" vid_source="E8C4AD06-2681-E086-7BE6-8AD72C9B8A94" vid_target="C4D8ED39-3F39-C148-4DAD-D137BD3184C8">
<hideElementsInCurrentOnly>false</hideElementsInCurrentOnly>
<backgroundColor>-16777216</backgroundColor>
<lineWidth>1</lineWidth>
<points>
<point x="1193" y="180"/>
<point x="1069" y="180"/>
</points>
</Connector>
<Connector class="oracle.dbtools.crest.swingui.logical.TVRelation" oid="26E77C0A-7797-86FD-4F59-DE0BAD471A35" otype="Relation" vid_source="041FC64D-460D-45F0-694A-55F91E13D1C3" vid_target="9D949E8C-41F8-7645-82BB-F535AE3589F8">
<hideElementsInCurrentOnly>false</hideElementsInCurrentOnly>
<backgroundColor>-16777216</backgroundColor>
<lineWidth>1</lineWidth>
<points>
<point x="581" y="302"/>
<point x="581" y="178"/>
</points>
</Connector>
<Connector class="oracle.dbtools.crest.swingui.logical.TVRelation" oid="30E6FEA0-48AE-71BF-0444-E222E1CE6C96" otype="Relation" vid_source="442DBCAD-7372-7F5F-B9D5-03FC47EF4E53" vid_target="C4D8ED39-3F39-C148-4DAD-D137BD3184C8">
<hideElementsInCurrentOnly>false</hideElementsInCurrentOnly>
<backgroundColor>-16777216</backgroundColor>
<lineWidth>1</lineWidth>
<points>
<point x="1191" y="260"/>
<point x="1069" y="260"/>
</points>
</Connector>
<Connector class="oracle.dbtools.crest.swingui.logical.TVRelation" oid="36E7FEF9-D3D9-B963-5710-1E6C528FC620" otype="Relation" vid_source="C4D8ED39-3F39-C148-4DAD-D137BD3184C8" vid_target="36E4F664-D123-5577-6241-621FD33CFCED">
<hideElementsInCurrentOnly>false</hideElementsInCurrentOnly>
<backgroundColor>-16777216</backgroundColor>
<lineWidth>1</lineWidth>
<points>
<point x="809" y="227"/>
<point x="288" y="227"/>
</points>
</Connector>
<Connector class="oracle.dbtools.crest.swingui.logical.TVRelation" oid="4A54653E-9C4F-B0E2-E0E8-EE645735F010" otype="Relation" vid_source="C4D8ED39-3F39-C148-4DAD-D137BD3184C8" vid_target="9D949E8C-41F8-7645-82BB-F535AE3589F8">
<hideElementsInCurrentOnly>false</hideElementsInCurrentOnly>
<backgroundColor>-16777216</backgroundColor>
<lineWidth>1</lineWidth>
<points>
<point x="809" y="170"/>
<point x="641" y="170"/>
</points>
</Connector>
<Connector class="oracle.dbtools.crest.swingui.logical.TVRelation" oid="50D5955F-CDF3-E883-9895-EF23021681E2" otype="Relation" vid_source="AEBCBBA1-D393-2E1D-D28F-3074C9B26459" vid_target="A6CF5917-0F69-7B5D-FC8F-29982C4DAF57">
<hideElementsInCurrentOnly>false</hideElementsInCurrentOnly>
<backgroundColor>-16777216</backgroundColor>
<lineWidth>1</lineWidth>
<points>
<point x="164" y="649"/>
<point x="164" y="561"/>
</points>
</Connector>
<Connector class="oracle.dbtools.crest.swingui.logical.TVRelation" oid="5501C84C-194E-6397-5965-28EC93F48C47" otype="Relation" vid_source="67037685-483C-4AC9-3F77-725B986B42CA" vid_target="9D949E8C-41F8-7645-82BB-F535AE3589F8">
<hideElementsInCurrentOnly>false</hideElementsInCurrentOnly>
<backgroundColor>-16777216</backgroundColor>
<lineWidth>1</lineWidth>
<points>
<point x="790" y="88"/>
<point x="641" y="88"/>
</points>
</Connector>
<Connector class="oracle.dbtools.crest.swingui.logical.TVRelation" oid="6E090921-A295-F33E-2557-07BABA266363" otype="Relation" vid_source="C4D8ED39-3F39-C148-4DAD-D137BD3184C8" vid_target="4AE74728-8E6E-B9F6-CB3A-44E9C816A75A">
<hideElementsInCurrentOnly>false</hideElementsInCurrentOnly>
<backgroundColor>-16777216</backgroundColor>
<lineWidth>1</lineWidth>
<points>
<point x="929" y="340"/>
<point x="929" y="356"/>
</points>
</Connector>
<Connector class="oracle.dbtools.crest.swingui.logical.TVRelation" oid="7E638AFF-1E92-BCF3-8A4B-23FE8331EA1A" otype="Relation" vid_source="041FC64D-460D-45F0-694A-55F91E13D1C3" vid_target="D573D9C1-49A4-BB83-A42C-DD274AEDAD5C">
<hideElementsInCurrentOnly>false</hideElementsInCurrentOnly>
<backgroundColor>-16777216</backgroundColor>
<lineWidth>1</lineWidth>
<points>
<point x="521" y="449"/>
<point x="500" y="449"/>
</points>
</Connector>
<Connector class="oracle.dbtools.crest.swingui.logical.TVRelation" oid="922535A1-20B1-A3E0-43C6-8235D8D9ED0B" otype="Relation" vid_source="C4D8ED39-3F39-C148-4DAD-D137BD3184C8" vid_target="4AE74728-8E6E-B9F6-CB3A-44E9C816A75A">
<hideElementsInCurrentOnly>false</hideElementsInCurrentOnly>
<backgroundColor>-16777216</backgroundColor>
<lineWidth>1</lineWidth>
<points>
<point x="944" y="340"/>
<point x="944" y="356"/>
</points>
</Connector>
<Connector class="oracle.dbtools.crest.swingui.logical.TVRelation" oid="A5729059-40D9-802D-AF19-1176ADE2619F" otype="Relation" vid_source="B48983B6-BAF1-E234-0280-11C176970096" vid_target="CD3BC2EB-4599-CC2F-CA0E-71810B0CE09F">
<hideElementsInCurrentOnly>false</hideElementsInCurrentOnly>
<backgroundColor>-16777216</backgroundColor>
<lineWidth>1</lineWidth>
<points>
<point x="1223" y="700"/>
<point x="1223" y="580"/>
</points>
</Connector>
<Connector class="oracle.dbtools.crest.swingui.logical.TVRelation" oid="BEE49C86-7C89-29B2-F1E3-5E7957F5240D" otype="Relation" vid_source="041FC64D-460D-45F0-694A-55F91E13D1C3" vid_target="AB69FEC7-0628-B089-ED1F-479B6A23F295">
<hideElementsInCurrentOnly>false</hideElementsInCurrentOnly>
<backgroundColor>-16777216</backgroundColor>
<lineWidth>1</lineWidth>
<points>
<point x="615" y="452"/>
<point x="615" y="590"/>
</points>
</Connector>
<Connector class="oracle.dbtools.crest.swingui.logical.TVRelation" oid="C01044A3-018E-9B59-5574-BAEDF164E3AE" otype="Relation" vid_source="C020BE3F-3559-7B28-E304-E51793ADEFC2" vid_target="C4D8ED39-3F39-C148-4DAD-D137BD3184C8">
<hideElementsInCurrentOnly>false</hideElementsInCurrentOnly>
<backgroundColor>-16777216</backgroundColor>
<lineWidth>1</lineWidth>
<points>
<point x="1183" y="329"/>
<point x="1069" y="329"/>
</points>
</Connector>
<Connector class="oracle.dbtools.crest.swingui.logical.TVRelation" oid="C0B8D5B0-9AC3-6E3A-3B71-81D04867BE31" otype="Relation" vid_source="53E7C28F-6A32-BEE5-3A54-94FBD7B6D314" vid_target="36E4F664-D123-5577-6241-621FD33CFCED">
<hideElementsInCurrentOnly>false</hideElementsInCurrentOnly>
<backgroundColor>-16777216</backgroundColor>
<lineWidth>1</lineWidth>
<points>
<point x="261" y="310"/>
<point x="261" y="263"/>
</points>
</Connector>
<Connector class="oracle.dbtools.crest.swingui.logical.TVRelation" oid="C6E8CC02-48B5-C02C-31C4-C96FA597D7F6" otype="Relation" vid_source="041FC64D-460D-45F0-694A-55F91E13D1C3" vid_target="5FF24B84-26D3-C348-2DFB-9908E9F99BCF">
<hideElementsInCurrentOnly>false</hideElementsInCurrentOnly>
<backgroundColor>-16777216</backgroundColor>
<lineWidth>1</lineWidth>
<points>
<point x="692" y="452"/>
<point x="856" y="663"/>
</points>
</Connector>
<Connector class="oracle.dbtools.crest.swingui.logical.TVRelation" oid="D5E120BF-F41D-0D13-31D0-87DA0BED4491" otype="Relation" vid_source="041FC64D-460D-45F0-694A-55F91E13D1C3" vid_target="36E4F664-D123-5577-6241-621FD33CFCED">
<hideElementsInCurrentOnly>false</hideElementsInCurrentOnly>
<backgroundColor>-16777216</backgroundColor>
<lineWidth>1</lineWidth>
<points>
<point x="521" y="324"/>
<point x="288" y="202"/>
</points>
</Connector>
<Connector class="oracle.dbtools.crest.swingui.logical.TVRelation" oid="DA9DFB64-BFB1-875C-2EDF-386EE8DD5F98" otype="Relation" vid_source="CD3BC2EB-4599-CC2F-CA0E-71810B0CE09F" vid_target="041FC64D-460D-45F0-694A-55F91E13D1C3">
<hideElementsInCurrentOnly>false</hideElementsInCurrentOnly>
<backgroundColor>-16777216</backgroundColor>
<lineWidth>1</lineWidth>
<points>
<point x="1147" y="502"/>
<point x="749" y="404"/>
</points>
</Connector>
</connectors>
</Diagram>