<?xml version = '1.0' encoding = 'UTF-8'?>
<Diagram class="oracle.dbtools.crest.swingui.relational.DPVRelational" name="Relational_1" id="36D1C7DA-E864-1E6C-CF3A-5CC1CBE7E63B">
<createdBy>jeiso</createdBy>
<modifiedBy>jeiso</modifiedBy>
<createdTime>2025-09-15 16:53:30 UTC</createdTime>
<autoRoute>false</autoRoute>
<boxInbox>true</boxInbox>
<showLegend>false</showLegend>
<showLabels>false</showLabels>
<showRelAttributes>false</showRelAttributes>
<gridEnabled>false</gridEnabled>
<showGrid>false</showGrid>
<diagramColor>-1</diagramColor>
<display>false</display>
<notation>1</notation>
<objectViews>
<OView class="oracle.dbtools.crest.swingui.relational.TVTable" oid="08C99935-0A43-E090-920A-11A31D45FEDD" otype="Table" vid="258692CF-AA4F-7040-C9A2-B2924CE4C917">
<hideElementsInCurrentOnly>false</hideElementsInCurrentOnly>
<bounds x="540" y="0" width="224" height="178"/>
</OView>
<OView class="oracle.dbtools.crest.swingui.relational.TVTable" oid="1E0F0194-AE62-B93D-7CBD-47F971ADA5A1" otype="Table" vid="F97C0D11-1A35-16C1-38B5-07934FCC835A">
<hideElementsInCurrentOnly>false</hideElementsInCurrentOnly>
<bounds x="208" y="267" width="247" height="122"/>
</OView>
<OView class="oracle.dbtools.crest.swingui.relational.TVTable" oid="25DDD344-AF5D-5553-6265-107FAB7BA6E1" otype="Table" vid="1BACAE0D-2B46-2B28-1C41-D80916B61A40">
<hideElementsInCurrentOnly>false</hideElementsInCurrentOnly>
<bounds x="528" y="350" width="228" height="150"/>
</OView>
<OView class="oracle.dbtools.crest.swingui.relational.TVTable" oid="27D1A297-1553-B2F3-6894-BFE4EA35118A" otype="Table" vid="5B481FB6-53C8-B3E0-AAB9-E999447C302F">
<hideElementsInCurrentOnly>false</hideElementsInCurrentOnly>
<bounds x="309" y="120" width="217" height="74"/>
</OView>
<OView class="oracle.dbtools.crest.swingui.relational.TVTable" oid="3364D54C-C9D1-5634-441F-0993BB99B6F1" otype="Table" vid="D912FF8B-0518-34E3-7C72-174C5AF29A95">
<hideElementsInCurrentOnly>false</hideElementsInCurrentOnly>
<bounds x="315" y="496" width="181" height="88"/>
</OView>
<OView class="oracle.dbtools.crest.swingui.relational.TVTable" oid="3A6AD97A-2320-AD7E-08C3-71F8C60FFB9C" otype="Table" vid="3F8A0978-0A97-EC68-1DD7-C1E90974981B">
<hideElementsInCurrentOnly>false</hideElementsInCurrentOnly>
<bounds x="608" y="658" width="200" height="94"/>
</OView>
<OView class="oracle.dbtools.crest.swingui.relational.TVTable" oid="3FD3E038-ACCF-7E7C-52BE-04D4C1C60E5D" otype="Table" vid="D8690787-986A-8DAF-003A-E14658E0479D">
<hideElementsInCurrentOnly>false</hideElementsInCurrentOnly>
<bounds x="321" y="29" width="203" height="74"/>
</OView>
<OView class="oracle.dbtools.crest.swingui.relational.TVTable" oid="51C8620A-9B06-CDBA-8B7D-5A87AB7F7E7D" otype="Table" vid="722D172E-21FD-D9CB-D9B1-2CA802823BAF">
<hideElementsInCurrentOnly>false</hideElementsInCurrentOnly>
<bounds x="837" y="51" width="266" height="101"/>
</OView>
<OView class="oracle.dbtools.crest.swingui.relational.TVTable" oid="5CE5AE9C-A8EE-E941-5C05-5CEE3EAEDDB0" otype="Table" vid="160B76C8-56A3-309B-6A44-08AF9A2C739A">
<hideElementsInCurrentOnly>false</hideElementsInCurrentOnly>
<bounds x="1027" y="507" width="195" height="107"/>
</OView>
<OView class="oracle.dbtools.crest.swingui.relational.TVTable" oid="7EA7BE06-489B-7FDF-22A0-CC3E799338AC" otype="Table" vid="DD839B13-D77B-0059-F2E5-3FDA19A1EC9E">
<hideElementsInCurrentOnly>false</hideElementsInCurrentOnly>
<bounds x="768" y="179" width="174" height="74"/>
</OView>
<OView class="oracle.dbtools.crest.swingui.relational.TVTable" oid="7EB0BECE-5502-6744-070F-857630208120" otype="Table" vid="C16135D7-4193-3A67-1693-619A0DA28B35">
<hideElementsInCurrentOnly>false</hideElementsInCurrentOnly>
<bounds x="21" y="402" width="220" height="192"/>
</OView>
<OView class="oracle.dbtools.crest.swingui.relational.TVTable" oid="96E219C8-71E0-C230-75FB-A1F26F4288C3" otype="Table" vid="85DE999F-AC93-D8EE-0130-FD9184A491E3">
<hideElementsInCurrentOnly>false</hideElementsInCurrentOnly>
<bounds x="19" y="57" width="260" height="178"/>
</OView>
<OView class="oracle.dbtools.crest.swingui.relational.TVTable" oid="992780B0-73DA-95D0-AD56-55532AC885FE" otype="Table" vid="8E380997-F94A-721A-85B7-5CC8544161D2">
<hideElementsInCurrentOnly>false</hideElementsInCurrentOnly>
<bounds x="1244" y="677" width="186" height="74"/>
</OView>
<OView class="oracle.dbtools.crest.swingui.relational.TVTable" oid="9DB5EF4A-7F4F-9DAF-0765-DAE002B0559E" otype="Table" vid="9FF9B356-E920-B7BC-A080-CD962339DC31">
<hideElementsInCurrentOnly>false</hideElementsInCurrentOnly>
<bounds x="43" y="632" width="192" height="153"/>
</OView>
<OView class="oracle.dbtools.crest.swingui.relational.TVTable" oid="A3D3E418-1593-8349-AD0B-7FF3C553CD8B" otype="Table" vid="8E93E087-6C65-523B-218E-CE0429F8D82D">
<hideElementsInCurrentOnly>false</hideElementsInCurrentOnly>
<bounds x="827" y="632" width="192" height="94"/>
</OView>
<OView class="oracle.dbtools.crest.swingui.relational.TVTable" oid="B595237F-5CF7-263F-690F-85312D5E966A" otype="Table" vid="21B51CB1-5409-45F0-B51E-F27A4391BD14">
<hideElementsInCurrentOnly>false</hideElementsInCurrentOnly>
<bounds x="316" y="683" width="168" height="91"/>
</OView>
<OView class="oracle.dbtools.crest.swingui.relational.TVTable" oid="DEF88A22-0F67-0D55-824F-C9C69B973324" otype="Table" vid="03E1658C-2617-8B30-AC30-EE9DA4110C7F">
<hideElementsInCurrentOnly>false</hideElementsInCurrentOnly>
<bounds x="892" y="376" width="207" height="94"/>
</OView>
</objectViews>
<connectors>
<Connector class="oracle.dbtools.crest.swingui.relational.TVFKRelation" oid="0054F5D4-F3DB-B13F-BDAC-40CCD4F54C7F" otype="FKIndexAssociation" vid_source="160B76C8-56A3-309B-6A44-08AF9A2C739A" vid_target="1BACAE0D-2B46-2B28-1C41-D80916B61A40">
<hideElementsInCurrentOnly>false</hideElementsInCurrentOnly>
<backgroundColor>-16777216</backgroundColor>
<lineWidth>1</lineWidth>
<points>
<point x="1027" y="533"/>
<point x="756" y="457"/>
</points>
</Connector>
<Connector class="oracle.dbtools.crest.swingui.relational.TVFKRelation" oid="0E1C9856-E81F-152C-BB2A-DB2AA33C1955" otype="FKIndexAssociation" vid_source="DD839B13-D77B-0059-F2E5-3FDA19A1EC9E" vid_target="85DE999F-AC93-D8EE-0130-FD9184A491E3">
<hideElementsInCurrentOnly>false</hideElementsInCurrentOnly>
<backgroundColor>-16777216</backgroundColor>
<lineWidth>1</lineWidth>
<points>
<point x="768" y="207"/>
<point x="279" y="207"/>
</points>
</Connector>
<Connector class="oracle.dbtools.crest.swingui.relational.TVFKRelation" oid="1F812270-4DB7-E49F-DE81-0E3FB8F9A62C" otype="FKIndexAssociation" vid_source="722D172E-21FD-D9CB-D9B1-2CA802823BAF" vid_target="258692CF-AA4F-7040-C9A2-B2924CE4C917">
<hideElementsInCurrentOnly>false</hideElementsInCurrentOnly>
<backgroundColor>-16777216</backgroundColor>
<lineWidth>1</lineWidth>
<points>
<point x="837" y="101"/>
<point x="764" y="101"/>
</points>
</Connector>
<Connector class="oracle.dbtools.crest.swingui.relational.TVFKRelation" oid="23FEAE07-4919-6489-0EFB-D316A0039581" otype="FKIndexAssociation" vid_source="1BACAE0D-2B46-2B28-1C41-D80916B61A40" vid_target="03E1658C-2617-8B30-AC30-EE9DA4110C7F">
<hideElementsInCurrentOnly>false</hideElementsInCurrentOnly>
<backgroundColor>-16777216</backgroundColor>
<lineWidth>1</lineWidth>
<points>
<point x="756" y="423"/>
<point x="892" y="423"/>
</points>
</Connector>
<Connector class="oracle.dbtools.crest.swingui.relational.TVFKRelation" oid="399288F4-83EC-02C7-1AF1-E9C9373BFB10" otype="FKIndexAssociation" vid_source="D8690787-986A-8DAF-003A-E14658E0479D" vid_target="85DE999F-AC93-D8EE-0130-FD9184A491E3">
<hideElementsInCurrentOnly>false</hideElementsInCurrentOnly>
<backgroundColor>-16777216</backgroundColor>
<lineWidth>1</lineWidth>
<points>
<point x="321" y="80"/>
<point x="279" y="80"/>
</points>
</Connector>
<Connector class="oracle.dbtools.crest.swingui.relational.TVFKRelation" oid="3B418D41-5393-FE4A-0794-5C26EEFA3CC6" otype="FKIndexAssociation" vid_source="85DE999F-AC93-D8EE-0130-FD9184A491E3" vid_target="C16135D7-4193-3A67-1693-619A0DA28B35">
<hideElementsInCurrentOnly>false</hideElementsInCurrentOnly>
<backgroundColor>-16777216</backgroundColor>
<lineWidth>1</lineWidth>
<points>
<point x="131" y="235"/>
<point x="131" y="402"/>
</points>
</Connector>
<Connector class="oracle.dbtools.crest.swingui.relational.TVFKRelation" oid="4C35D838-4BFF-1067-AFCF-BA3E7EF16684" otype="FKIndexAssociation" vid_source="5B481FB6-53C8-B3E0-AAB9-E999447C302F" vid_target="85DE999F-AC93-D8EE-0130-FD9184A491E3">
<hideElementsInCurrentOnly>false</hideElementsInCurrentOnly>
<backgroundColor>-16777216</backgroundColor>
<lineWidth>1</lineWidth>
<points>
<point x="309" y="157"/>
<point x="279" y="157"/>
</points>
</Connector>
<Connector class="oracle.dbtools.crest.swingui.relational.TVFKRelation" oid="56BB283B-C5B2-6C80-CDC0-D3CB33FC5CF9" otype="FKIndexAssociation" vid_source="85DE999F-AC93-D8EE-0130-FD9184A491E3" vid_target="F97C0D11-1A35-16C1-38B5-07934FCC835A">
<hideElementsInCurrentOnly>false</hideElementsInCurrentOnly>
<backgroundColor>-16777216</backgroundColor>
<lineWidth>1</lineWidth>
<points>
<point x="243" y="235"/>
<point x="243" y="267"/>
</points>
</Connector>
<Connector class="oracle.dbtools.crest.swingui.relational.TVFKRelation" oid="5D0574AF-4649-298F-57C9-6D80C73C8548" otype="FKIndexAssociation" vid_source="1BACAE0D-2B46-2B28-1C41-D80916B61A40" vid_target="3F8A0978-0A97-EC68-1DD7-C1E90974981B">
<hideElementsInCurrentOnly>false</hideElementsInCurrentOnly>
<backgroundColor>-16777216</backgroundColor>
<lineWidth>1</lineWidth>
<points>
<point x="682" y="500"/>
<point x="682" y="658"/>
</points>
</Connector>
<Connector class="oracle.dbtools.crest.swingui.relational.TVFKRelation" oid="75E2E417-7B16-8440-675B-ECB0DD0EC3D4" otype="FKIndexAssociation" vid_source="1BACAE0D-2B46-2B28-1C41-D80916B61A40" vid_target="C16135D7-4193-3A67-1693-619A0DA28B35">
<hideElementsInCurrentOnly>false</hideElementsInCurrentOnly>
<backgroundColor>-16777216</backgroundColor>
<lineWidth>1</lineWidth>
<points>
<point x="528" y="451"/>
<point x="241" y="451"/>
</points>
</Connector>
<Connector class="oracle.dbtools.crest.swingui.relational.TVFKRelation" oid="A1DC5B47-F1F8-C5BE-C262-BAF3C4B6E9CD" otype="FKIndexAssociation" vid_source="8E380997-F94A-721A-85B7-5CC8544161D2" vid_target="160B76C8-56A3-309B-6A44-08AF9A2C739A">
<hideElementsInCurrentOnly>false</hideElementsInCurrentOnly>
<backgroundColor>-16777216</backgroundColor>
<lineWidth>1</lineWidth>
<points>
<point x="1285" y="677"/>
<point x="1198" y="614"/>
</points>
</Connector>
<Connector class="oracle.dbtools.crest.swingui.relational.TVFKRelation" oid="A1E2EB3D-A948-873A-9D63-3655F79677FD" otype="FKIndexAssociation" vid_source="85DE999F-AC93-D8EE-0130-FD9184A491E3" vid_target="258692CF-AA4F-7040-C9A2-B2924CE4C917">
<hideElementsInCurrentOnly>false</hideElementsInCurrentOnly>
<backgroundColor>-16777216</backgroundColor>
<lineWidth>1</lineWidth>
<points>
<point x="279" y="117"/>
<point x="540" y="117"/>
</points>
</Connector>
<Connector class="oracle.dbtools.crest.swingui.relational.TVFKRelation" oid="A34AE1C9-8394-997C-7F62-8962CC03BB0C" otype="FKIndexAssociation" vid_source="1BACAE0D-2B46-2B28-1C41-D80916B61A40" vid_target="258692CF-AA4F-7040-C9A2-B2924CE4C917">
<hideElementsInCurrentOnly>false</hideElementsInCurrentOnly>
<backgroundColor>-16777216</backgroundColor>
<lineWidth>1</lineWidth>
<points>
<point x="648" y="350"/>
<point x="648" y="178"/>
</points>
</Connector>
<Connector class="oracle.dbtools.crest.swingui.relational.TVFKRelation" oid="ACD9D852-E5EE-FEB5-F014-98A6AA54BDB0" otype="FKIndexAssociation" vid_source="C16135D7-4193-3A67-1693-619A0DA28B35" vid_target="9FF9B356-E920-B7BC-A080-CD962339DC31">
<hideElementsInCurrentOnly>false</hideElementsInCurrentOnly>
<backgroundColor>-16777216</backgroundColor>
<lineWidth>1</lineWidth>
<points>
<point x="139" y="594"/>
<point x="139" y="632"/>
</points>
</Connector>
<Connector class="oracle.dbtools.crest.swingui.relational.TVFKRelation" oid="D21CEA1B-5937-B033-6525-923E89770F36" otype="FKIndexAssociation" vid_source="21B51CB1-5409-45F0-B51E-F27A4391BD14" vid_target="9FF9B356-E920-B7BC-A080-CD962339DC31">
<hideElementsInCurrentOnly>false</hideElementsInCurrentOnly>
<backgroundColor>-16777216</backgroundColor>
<lineWidth>1</lineWidth>
<points>
<point x="316" y="728"/>
<point x="235" y="728"/>
</points>
</Connector>
<Connector class="oracle.dbtools.crest.swingui.relational.TVFKRelation" oid="DB2A3913-4FE5-5669-D027-0971E3C86CA4" otype="FKIndexAssociation" vid_source="1BACAE0D-2B46-2B28-1C41-D80916B61A40" vid_target="8E93E087-6C65-523B-218E-CE0429F8D82D">
<hideElementsInCurrentOnly>false</hideElementsInCurrentOnly>
<backgroundColor>-16777216</backgroundColor>
<lineWidth>1</lineWidth>
<points>
<point x="724" y="500"/>
<point x="871" y="632"/>
</points>
</Connector>
<Connector class="oracle.dbtools.crest.swingui.relational.TVFKRelation" oid="DFEE1C39-3C69-52B8-52DF-4A04C19A4A4F" otype="FKIndexAssociation" vid_source="85DE999F-AC93-D8EE-0130-FD9184A491E3" vid_target="F97C0D11-1A35-16C1-38B5-07934FCC835A">
<hideElementsInCurrentOnly>false</hideElementsInCurrentOnly>
<backgroundColor>-16777216</backgroundColor>
<lineWidth>1</lineWidth>
<points>
<point x="258" y="235"/>
<point x="258" y="267"/>
</points>
</Connector>
<Connector class="oracle.dbtools.crest.swingui.relational.TVFKRelation" oid="F8303848-CF12-A05F-8A3C-FCA5C3115AF3" otype="FKIndexAssociation" vid_source="D912FF8B-0518-34E3-7C72-174C5AF29A95" vid_target="C16135D7-4193-3A67-1693-619A0DA28B35">
<hideElementsInCurrentOnly>false</hideElementsInCurrentOnly>
<backgroundColor>-16777216</backgroundColor>
<lineWidth>1</lineWidth>
<points>
<point x="315" y="540"/>
<point x="241" y="540"/>
</points>
</Connector>
</connectors>
</Diagram>