<?xml version = '1.0' encoding = 'UTF-8'?>
<Table class="oracle.dbtools.crest.model.design.relational.Table" directorySegmentName="seg_0" id="08C99935-0A43-E090-920A-11A31D45FEDD" name="SOLICITUD_EXAMEN">
<sourceDDLFile>Clinica.sql</sourceDDLFile>
<createdBy>jeiso</createdBy>
<createdTime>2025-09-15 16:53:30 UTC</createdTime>
<ownerDesignName>Clinicacompleto</ownerDesignName>
<importedID>F2EE8798-25D5-BA22-4F1A-7096F8AAE8E1</importedID>
<allowColumnReorder>false</allowColumnReorder>
<existDependencyGenerateInDDl>true</existDependencyGenerateInDDl>
<parsed>true</parsed>
<columns itemClass="oracle.dbtools.crest.model.design.relational.Column">
<Column name="id_solicitud" id="BAD0F40C-38DE-F7A2-E1BA-E2C74B0821E3">
<sourceDDLFile>Clinica.sql</sourceDDLFile>
<createdBy>jeiso</createdBy>
<createdTime>2025-09-15 16:53:30 UTC</createdTime>
<ownerDesignName>Clinicacompleto</ownerDesignName>
<importedID>43910BE9-124E-D0B8-4316-4C784E4CAB13</importedID>
<use>0</use>
<logicalDatatype>LOGDT019</logicalDatatype>
<domain>BAE87FEB-ACEC-B187-9E21-FB3A10990546</domain>
<ownDataTypeParameters>,,</ownDataTypeParameters>
<autoIncrementCycle>false</autoIncrementCycle>
</Column>
<Column name="paciente_rut" id="0127C24E-F266-7A51-5F85-84BC2AD8CF5D">
<sourceDDLFile>Clinica.sql</sourceDDLFile>
<createdBy>jeiso</createdBy>
<createdTime>2025-09-15 16:53:30 UTC</createdTime>
<ownerDesignName>Clinicacompleto</ownerDesignName>
<importedID>6C39B342-8CDB-5B13-6623-2645D0176A13</importedID>
<use>0</use>
<logicalDatatype>LOGDT024</logicalDatatype>
<domain>E28E64AB-F613-7DF5-603D-98E686EA0A39</domain>
<ownDataTypeParameters>,,</ownDataTypeParameters>
<autoIncrementCycle>false</autoIncrementCycle>
<associations>
<colAssociation fkAssociation="A34AE1C9-8394-997C-7F62-8962CC03BB0C" referredColumn="DAC0C935-C542-CC78-9A5F-99540FF6D95E"/>
</associations>
</Column>
<Column name="medico_rut" id="55AA50B1-6CBC-8D17-F384-4D6DE614BA32">
<sourceDDLFile>Clinica.sql</sourceDDLFile>
<createdBy>jeiso</createdBy>
<createdTime>2025-09-15 16:53:30 UTC</createdTime>
<ownerDesignName>Clinicacompleto</ownerDesignName>
<importedID>809250B8-39CF-38C0-8F62-7E4D6E42CC4B</importedID>
<use>0</use>
<logicalDatatype>LOGDT024</logicalDatatype>
<domain>E28E64AB-F613-7DF5-603D-98E686EA0A39</domain>
<ownDataTypeParameters>,,</ownDataTypeParameters>
<autoIncrementCycle>false</autoIncrementCycle>
<associations>
<colAssociation fkAssociation="A1E2EB3D-A948-873A-9D63-3655F79677FD" referredColumn="64287ADE-40A3-457F-6206-F36D1F69D280"/>
</associations>
</Column>
<Column name="examen_codigo" id="38C6AC3A-4244-3EA4-8F74-6A24635D8501">
<sourceDDLFile>Clinica.sql</sourceDDLFile>
<createdBy>jeiso</createdBy>
<createdTime>2025-09-15 16:53:30 UTC</createdTime>
<ownerDesignName>Clinicacompleto</ownerDesignName>
<importedID>AE6DC27B-6718-9E33-0F41-55ECBCC9138D</importedID>
<use>0</use>
<logicalDatatype>LOGDT024</logicalDatatype>
<domain>573F88AB-A0C2-7103-B3A4-0A2D344B31B9</domain>
<ownDataTypeParameters>,,</ownDataTypeParameters>
<autoIncrementCycle>false</autoIncrementCycle>
<associations>
<colAssociation fkAssociation="1F812270-4DB7-E49F-DE81-0E3FB8F9A62C" referredColumn="CDA4B60C-B744-C585-9F8A-04889718C773"/>
</associations>
</Column>
<Column name="fecha_solicitud" id="492825D0-A790-17E8-F151-72E662FB70D7">
<sourceDDLFile>Clinica.sql</sourceDDLFile>
<createdBy>jeiso</createdBy>
<createdTime>2025-09-15 16:53:30 UTC</createdTime>
<ownerDesignName>Clinicacompleto</ownerDesignName>
<importedID>967689CC-1519-CBC3-27D9-9BDD8D577BDD</importedID>
<use>0</use>
<logicalDatatype>LOGDT007</logicalDatatype>
<domain>C127EB1A-5B5B-D8A8-FA67-9EA7F3F2B0FF</domain>
<ownDataTypeParameters>,,</ownDataTypeParameters>
<autoIncrementCycle>false</autoIncrementCycle>
</Column>
<Column name="resultado" id="E4A5FD12-E706-F47F-4B3D-ABF36972CC79">
<sourceDDLFile>Clinica.sql</sourceDDLFile>
<createdBy>jeiso</createdBy>
<createdTime>2025-09-15 16:53:30 UTC</createdTime>
<ownerDesignName>Clinicacompleto</ownerDesignName>
<importedID>9C8A5815-585C-A3D3-9FFF-1F8F2E2E95EA</importedID>
<nullsAllowed>true</nullsAllowed>
<use>0</use>
<logicalDatatype>LOGDT024</logicalDatatype>
<domain>0A0EEDE1-5F2B-101C-CCB7-A71854FAE8BE</domain>
<ownDataTypeParameters>,,</ownDataTypeParameters>
<autoIncrementCycle>false</autoIncrementCycle>
</Column>
</columns>
<indexes itemClass="oracle.dbtools.crest.model.design.relational.Index">
<ind_PK_UK id="9A8C794B-7CA1-10D8-0BBF-668EBE5BFE82" name="SOLICITUD_EXAMEN_PK">
<sourceDDLFile>Clinica.sql</sourceDDLFile>
<createdBy>jeiso</createdBy>
<createdTime>2025-09-15 16:53:30 UTC</createdTime>
<ownerDesignName>Clinicacompleto</ownerDesignName>
<importedID>C4CBA4E2-45CF-505D-CC6C-B200E5BBE971</importedID>
<pk>true</pk>
<indexState>Primary Constraint</indexState>
<isSurrogateKey>false</isSurrogateKey>
<indexColumnUsage>
<colUsage columnID="BAD0F40C-38DE-F7A2-E1BA-E2C74B0821E3"/>
</indexColumnUsage>
</ind_PK_UK>
<ind_PK_UK id="C751AA8A-47B9-6FD9-50A6-22196854476A" name="fk_solicitud_examen">
<createdBy>jeiso</createdBy>
<createdTime>2025-09-15 16:53:30 UTC</createdTime>
<ownerDesignName>Clinicacompleto</ownerDesignName>
<indexState>Foreign Key</indexState>
<isSurrogateKey>false</isSurrogateKey>
<indexColumnUsage>
<colUsage columnID="38C6AC3A-4244-3EA4-8F74-6A24635D8501"/>
</indexColumnUsage>
</ind_PK_UK>
<ind_PK_UK id="88CF63B2-3B03-A39F-1598-E84886D7AD03" name="fk_solicitud_medico">
<createdBy>jeiso</createdBy>
<createdTime>2025-09-15 16:53:30 UTC</createdTime>
<ownerDesignName>Clinicacompleto</ownerDesignName>
<indexState>Foreign Key</indexState>
<isSurrogateKey>false</isSurrogateKey>
<indexColumnUsage>
<colUsage columnID="55AA50B1-6CBC-8D17-F384-4D6DE614BA32"/>
</indexColumnUsage>
</ind_PK_UK>
<ind_PK_UK id="FDC18E4F-9309-8DE7-393F-8E67F8FFE953" name="fk_solicitud_paciente">
<createdBy>jeiso</createdBy>
<createdTime>2025-09-15 16:53:30 UTC</createdTime>
<ownerDesignName>Clinicacompleto</ownerDesignName>
<indexState>Foreign Key</indexState>
<isSurrogateKey>false</isSurrogateKey>
<indexColumnUsage>
<colUsage columnID="0127C24E-F266-7A51-5F85-84BC2AD8CF5D"/>
</indexColumnUsage>
</ind_PK_UK>
</indexes>
</Table>