<?xml version = '1.0' encoding = 'UTF-8'?>
<Table class="oracle.dbtools.crest.model.design.relational.Table" directorySegmentName="seg_0" id="1E0F0194-AE62-B93D-7CBD-47F971ADA5A1" name="SUPERVISION_MEDICA">
<sourceDDLFile>Clinica.sql</sourceDDLFile>
<createdBy>jeiso</createdBy>
<createdTime>2025-09-15 16:53:30 UTC</createdTime>
<ownerDesignName>Clinicacompleto</ownerDesignName>
<importedID>15F97B0E-1D2F-B98C-CEED-BAA0223B1F2E</importedID>
<allowColumnReorder>false</allowColumnReorder>
<existDependencyGenerateInDDl>true</existDependencyGenerateInDDl>
<parsed>true</parsed>
<columns itemClass="oracle.dbtools.crest.model.design.relational.Column">
<Column name="id_supervision" id="360014D8-2404-0660-FAF1-6E66A3F91D49">
<sourceDDLFile>Clinica.sql</sourceDDLFile>
<createdBy>jeiso</createdBy>
<createdTime>2025-09-15 16:53:30 UTC</createdTime>
<ownerDesignName>Clinicacompleto</ownerDesignName>
<importedID>EDD16A31-0198-E600-472E-D86D9E28505C</importedID>
<use>0</use>
<logicalDatatype>LOGDT019</logicalDatatype>
<domain>BAE87FEB-ACEC-B187-9E21-FB3A10990546</domain>
<ownDataTypeParameters>,,</ownDataTypeParameters>
<autoIncrementCycle>false</autoIncrementCycle>
</Column>
<Column name="supervisor_rut" id="C3B5C56B-B734-2B87-32B6-F22E757383E2">
<sourceDDLFile>Clinica.sql</sourceDDLFile>
<createdBy>jeiso</createdBy>
<createdTime>2025-09-15 16:53:30 UTC</createdTime>
<ownerDesignName>Clinicacompleto</ownerDesignName>
<importedID>64351CA8-A668-27F4-9F37-340DF08D6289</importedID>
<use>0</use>
<logicalDatatype>LOGDT024</logicalDatatype>
<domain>E28E64AB-F613-7DF5-603D-98E686EA0A39</domain>
<ownDataTypeParameters>,,</ownDataTypeParameters>
<autoIncrementCycle>false</autoIncrementCycle>
<associations>
<colAssociation fkAssociation="DFEE1C39-3C69-52B8-52DF-4A04C19A4A4F" referredColumn="64287ADE-40A3-457F-6206-F36D1F69D280"/>
</associations>
</Column>
<Column name="supervisado_rut" id="120D8D17-BE72-AE94-F943-52F9BB6FBA9C">
<sourceDDLFile>Clinica.sql</sourceDDLFile>
<createdBy>jeiso</createdBy>
<createdTime>2025-09-15 16:53:30 UTC</createdTime>
<ownerDesignName>Clinicacompleto</ownerDesignName>
<importedID>27934139-0460-A465-C045-234ABD412E26</importedID>
<use>0</use>
<logicalDatatype>LOGDT024</logicalDatatype>
<domain>E28E64AB-F613-7DF5-603D-98E686EA0A39</domain>
<ownDataTypeParameters>,,</ownDataTypeParameters>
<autoIncrementCycle>false</autoIncrementCycle>
<associations>
<colAssociation fkAssociation="56BB283B-C5B2-6C80-CDC0-D3CB33FC5CF9" referredColumn="64287ADE-40A3-457F-6206-F36D1F69D280"/>
</associations>
</Column>
</columns>
<indexes itemClass="oracle.dbtools.crest.model.design.relational.Index">
<ind_PK_UK id="6CF8684C-3ACE-9CC7-915C-97E02467748A" name="SUPERVISION_MEDICA_PK">
<sourceDDLFile>Clinica.sql</sourceDDLFile>
<createdBy>jeiso</createdBy>
<createdTime>2025-09-15 16:53:30 UTC</createdTime>
<ownerDesignName>Clinicacompleto</ownerDesignName>
<importedID>6ADFD6D1-9718-F97A-46A0-5C17A6D85082</importedID>
<pk>true</pk>
<indexState>Primary Constraint</indexState>
<isSurrogateKey>false</isSurrogateKey>
<indexColumnUsage>
<colUsage columnID="360014D8-2404-0660-FAF1-6E66A3F91D49"/>
</indexColumnUsage>
</ind_PK_UK>
<ind_PK_UK id="B0958478-98DF-FB5E-BD9B-EFD38AE678F2" name="fk_supervisado">
<createdBy>jeiso</createdBy>
<createdTime>2025-09-15 16:53:30 UTC</createdTime>
<ownerDesignName>Clinicacompleto</ownerDesignName>
<indexState>Foreign Key</indexState>
<isSurrogateKey>false</isSurrogateKey>
<indexColumnUsage>
<colUsage columnID="120D8D17-BE72-AE94-F943-52F9BB6FBA9C"/>
</indexColumnUsage>
</ind_PK_UK>
<ind_PK_UK id="D2EF314D-B810-434A-6C9C-A239FC6E4D88" name="fk_supervisor">
<createdBy>jeiso</createdBy>
<createdTime>2025-09-15 16:53:30 UTC</createdTime>
<ownerDesignName>Clinicacompleto</ownerDesignName>
<indexState>Foreign Key</indexState>
<isSurrogateKey>false</isSurrogateKey>
<indexColumnUsage>
<colUsage columnID="C3B5C56B-B734-2B87-32B6-F22E757383E2"/>
</indexColumnUsage>
</ind_PK_UK>
</indexes>
<tableCheckConstraints itemClass="oracle.dbtools.crest.model.design.constraint.TableLevelConstraint">
<tableCheckConstraint name="chk_no_autosupervision" directorySegmentName="seg_0" id="E7AF6D37-53D7-1B24-2241-86A972EB90B3">
<sourceDDLFile>Clinica.sql</sourceDDLFile>
<createdBy>jeiso</createdBy>
<createdTime>2025-09-15 16:53:30 UTC</createdTime>
<ownerDesignName>Clinicacompleto</ownerDesignName>
<importedID>FD08AF5A-6EDB-0E15-9339-256E24A874E1</importedID>
<rule><![CDATA[supervisor_rut <> supervisado_rut]]></rule>
</tableCheckConstraint>
</tableCheckConstraints>
</Table>