<?xml version = '1.0' encoding = 'UTF-8'?>
<Table class="oracle.dbtools.crest.model.design.relational.Table" directorySegmentName="seg_0" id="25DDD344-AF5D-5553-6265-107FAB7BA6E1" name="PACIENTE">
<sourceDDLFile>Clinica.sql</sourceDDLFile>
<createdBy>jeiso</createdBy>
<createdTime>2025-09-15 16:53:30 UTC</createdTime>
<ownerDesignName>Clinicacompleto</ownerDesignName>
<importedID>F7B24D66-149B-511A-8B85-9EAA1EEBAF62</importedID>
<allowColumnReorder>false</allowColumnReorder>
<existDependencyGenerateInDDl>true</existDependencyGenerateInDDl>
<parsed>true</parsed>
<columns itemClass="oracle.dbtools.crest.model.design.relational.Column">
<Column name="rut" id="DAC0C935-C542-CC78-9A5F-99540FF6D95E">
<sourceDDLFile>Clinica.sql</sourceDDLFile>
<createdBy>jeiso</createdBy>
<createdTime>2025-09-15 16:53:30 UTC</createdTime>
<ownerDesignName>Clinicacompleto</ownerDesignName>
<importedID>9C228B12-76F9-4761-ABDB-1693A5DDA4CA</importedID>
<use>0</use>
<logicalDatatype>LOGDT024</logicalDatatype>
<domain>E28E64AB-F613-7DF5-603D-98E686EA0A39</domain>
<ownDataTypeParameters>,,</ownDataTypeParameters>
<autoIncrementCycle>false</autoIncrementCycle>
</Column>
<Column name="nombre_completo" id="866DAB3A-F1AB-3EFB-A37D-B124015832BE">
<sourceDDLFile>Clinica.sql</sourceDDLFile>
<createdBy>jeiso</createdBy>
<createdTime>2025-09-15 16:53:30 UTC</createdTime>
<ownerDesignName>Clinicacompleto</ownerDesignName>
<importedID>B81215E5-0BBB-F1E4-D85A-1F446143CFFB</importedID>
<use>0</use>
<logicalDatatype>LOGDT024</logicalDatatype>
<domain>EAE66029-AB97-6231-86C8-71E7EB8F6124</domain>
<ownDataTypeParameters>,,</ownDataTypeParameters>
<autoIncrementCycle>false</autoIncrementCycle>
</Column>
<Column name="sexo" id="37D16F05-36E4-03AF-7B72-FB3BFD5B6982">
<sourceDDLFile>Clinica.sql</sourceDDLFile>
<createdBy>jeiso</createdBy>
<createdTime>2025-09-15 16:53:30 UTC</createdTime>
<ownerDesignName>Clinicacompleto</ownerDesignName>
<importedID>B9287F27-3774-6FE8-F462-59E565339A68</importedID>
<use>0</use>
<logicalDatatype>LOGDT025</logicalDatatype>
<domain>5AD54B15-9451-01C4-BB0E-B8B8FF53906B</domain>
<ownDataTypeParameters>,,</ownDataTypeParameters>
<autoIncrementCycle>false</autoIncrementCycle>
</Column>
<Column name="fecha_nacimiento" id="4E3D0A7E-D3DB-82CF-1E86-6120E11889BA">
<sourceDDLFile>Clinica.sql</sourceDDLFile>
<createdBy>jeiso</createdBy>
<createdTime>2025-09-15 16:53:30 UTC</createdTime>
<ownerDesignName>Clinicacompleto</ownerDesignName>
<importedID>EF05589E-C4BA-EF42-6047-0D08884F8001</importedID>
<use>0</use>
<logicalDatatype>LOGDT007</logicalDatatype>
<domain>C127EB1A-5B5B-D8A8-FA67-9EA7F3F2B0FF</domain>
<ownDataTypeParameters>,,</ownDataTypeParameters>
<autoIncrementCycle>false</autoIncrementCycle>
</Column>
<Column name="direccion" id="5838AAC6-88A1-3ECE-8DA7-76244B93F155">
<sourceDDLFile>Clinica.sql</sourceDDLFile>
<createdBy>jeiso</createdBy>
<createdTime>2025-09-15 16:53:30 UTC</createdTime>
<ownerDesignName>Clinicacompleto</ownerDesignName>
<importedID>4EEEC414-AE6E-1429-E3E7-CE72AE992C0D</importedID>
<use>0</use>
<logicalDatatype>LOGDT024</logicalDatatype>
<domain>0A0EEDE1-5F2B-101C-CCB7-A71854FAE8BE</domain>
<ownDataTypeParameters>,,</ownDataTypeParameters>
<autoIncrementCycle>false</autoIncrementCycle>
</Column>
<Column name="comuna_id" id="72FD811C-81CD-9984-0A3C-DC035ABA490F">
<sourceDDLFile>Clinica.sql</sourceDDLFile>
<createdBy>jeiso</createdBy>
<createdTime>2025-09-15 16:53:30 UTC</createdTime>
<ownerDesignName>Clinicacompleto</ownerDesignName>
<importedID>8C780797-3DE8-9AC5-B730-195D32D33874</importedID>
<use>0</use>
<logicalDatatype>LOGDT019</logicalDatatype>
<domain>BAE87FEB-ACEC-B187-9E21-FB3A10990546</domain>
<ownDataTypeParameters>,,</ownDataTypeParameters>
<autoIncrementCycle>false</autoIncrementCycle>
<associations>
<colAssociation fkAssociation="0054F5D4-F3DB-B13F-BDAC-40CCD4F54C7F" referredColumn="BC0DB06D-F397-2929-03E2-167B105374F8"/>
</associations>
</Column>
</columns>
<indexes itemClass="oracle.dbtools.crest.model.design.relational.Index">
<ind_PK_UK id="55E924ED-BF3A-2ECE-3F89-B4D1094EB052" name="PACIENTE_PK">
<sourceDDLFile>Clinica.sql</sourceDDLFile>
<createdBy>jeiso</createdBy>
<createdTime>2025-09-15 16:53:30 UTC</createdTime>
<ownerDesignName>Clinicacompleto</ownerDesignName>
<importedID>7EF6092E-4AE7-28E1-BC3A-8E58B544EB9D</importedID>
<pk>true</pk>
<indexState>Primary Constraint</indexState>
<isSurrogateKey>false</isSurrogateKey>
<indexColumnUsage>
<colUsage columnID="DAC0C935-C542-CC78-9A5F-99540FF6D95E"/>
</indexColumnUsage>
</ind_PK_UK>
<ind_PK_UK id="A4702BBC-127B-1498-0809-74953A5E2C1F" name="fk_paciente_comuna">
<createdBy>jeiso</createdBy>
<createdTime>2025-09-15 16:53:30 UTC</createdTime>
<ownerDesignName>Clinicacompleto</ownerDesignName>
<indexState>Foreign Key</indexState>
<isSurrogateKey>false</isSurrogateKey>
<indexColumnUsage>
<colUsage columnID="72FD811C-81CD-9984-0A3C-DC035ABA490F"/>
</indexColumnUsage>
</ind_PK_UK>
</indexes>
<tableCheckConstraints itemClass="oracle.dbtools.crest.model.design.constraint.TableLevelConstraint">
<tableCheckConstraint name="chk_sexo" directorySegmentName="seg_0" id="3DCC689A-EEA5-F291-18DC-7BA06201C89E">
<sourceDDLFile>Clinica.sql</sourceDDLFile>
<createdBy>jeiso</createdBy>
<createdTime>2025-09-15 16:53:30 UTC</createdTime>
<ownerDesignName>Clinicacompleto</ownerDesignName>
<importedID>EC9C8658-BE4F-28CB-0003-25A390DC6EB1</importedID>
<rule><![CDATA[sexo IN ('M','F')]]></rule>
</tableCheckConstraint>
</tableCheckConstraints>
</Table>