<?xml version = '1.0' encoding = 'UTF-8'?>
<Table class="oracle.dbtools.crest.model.design.relational.Table" directorySegmentName="seg_0" id="27D1A297-1553-B2F3-6894-BFE4EA35118A" name="ESPECIALIDAD">
<sourceDDLFile>Clinica.sql</sourceDDLFile>
<createdBy>jeiso</createdBy>
<createdTime>2025-09-15 16:53:30 UTC</createdTime>
<ownerDesignName>Clinicacompleto</ownerDesignName>
<importedID>386AEE26-E20F-4BB7-711A-6A3214206C72</importedID>
<allowColumnReorder>false</allowColumnReorder>
<existDependencyGenerateInDDl>true</existDependencyGenerateInDDl>
<parsed>true</parsed>
<columns itemClass="oracle.dbtools.crest.model.design.relational.Column">
<Column name="id_especialidad" id="3FD97D8C-5FB8-FB2B-51E7-D5E1E6DCC641">
<sourceDDLFile>Clinica.sql</sourceDDLFile>
<createdBy>jeiso</createdBy>
<createdTime>2025-09-15 16:53:30 UTC</createdTime>
<ownerDesignName>Clinicacompleto</ownerDesignName>
<importedID>9EC3C50E-C165-15E0-4042-56C4486CBFA6</importedID>
<use>0</use>
<logicalDatatype>LOGDT019</logicalDatatype>
<domain>BAE87FEB-ACEC-B187-9E21-FB3A10990546</domain>
<ownDataTypeParameters>,,</ownDataTypeParameters>
<autoIncrementCycle>false</autoIncrementCycle>
</Column>
<Column name="nombre" id="68F354BC-E73C-4417-E4F7-F60CDACC43D9">
<sourceDDLFile>Clinica.sql</sourceDDLFile>
<createdBy>jeiso</createdBy>
<createdTime>2025-09-15 16:53:30 UTC</createdTime>
<ownerDesignName>Clinicacompleto</ownerDesignName>
<importedID>7A9C0DE7-21EB-535C-B5B1-423706A0184D</importedID>
<use>0</use>
<logicalDatatype>LOGDT024</logicalDatatype>
<domain>EAE66029-AB97-6231-86C8-71E7EB8F6124</domain>
<ownDataTypeParameters>,,</ownDataTypeParameters>
<autoIncrementCycle>false</autoIncrementCycle>
</Column>
</columns>
<indexes itemClass="oracle.dbtools.crest.model.design.relational.Index">
<ind_PK_UK id="0811520E-BF66-FDD7-EEC2-9B98D9481E17" name="ESPECIALIDAD_PK">
<sourceDDLFile>Clinica.sql</sourceDDLFile>
<createdBy>jeiso</createdBy>
<createdTime>2025-09-15 16:53:30 UTC</createdTime>
<ownerDesignName>Clinicacompleto</ownerDesignName>
<importedID>92058298-1718-421E-ABFC-04169EB4F17D</importedID>
<pk>true</pk>
<indexState>Primary Constraint</indexState>
<isSurrogateKey>false</isSurrogateKey>
<indexColumnUsage>
<colUsage columnID="3FD97D8C-5FB8-FB2B-51E7-D5E1E6DCC641"/>
</indexColumnUsage>
</ind_PK_UK>
</indexes>
</Table>