<?xml version = '1.0' encoding = 'UTF-8'?>
<Table class="oracle.dbtools.crest.model.design.relational.Table" directorySegmentName="seg_0" id="3364D54C-C9D1-5634-441F-0993BB99B6F1" name="TIPO_ATENCION">
<sourceDDLFile>Clinica.sql</sourceDDLFile>
<createdBy>jeiso</createdBy>
<createdTime>2025-09-15 16:53:30 UTC</createdTime>
<ownerDesignName>Clinicacompleto</ownerDesignName>
<importedID>9E01C0DC-0960-ECC4-019E-B64DEF00B759</importedID>
<allowColumnReorder>false</allowColumnReorder>
<existDependencyGenerateInDDl>true</existDependencyGenerateInDDl>
<parsed>true</parsed>
<columns itemClass="oracle.dbtools.crest.model.design.relational.Column">
<Column name="id_tipo" id="C95F02DF-9ADE-8B21-85CC-06E576F93AAF">
<sourceDDLFile>Clinica.sql</sourceDDLFile>
<createdBy>jeiso</createdBy>
<createdTime>2025-09-15 16:53:30 UTC</createdTime>
<ownerDesignName>Clinicacompleto</ownerDesignName>
<importedID>0EF46371-994A-1CF9-7B72-1431A6573CF0</importedID>
<use>0</use>
<logicalDatatype>LOGDT019</logicalDatatype>
<domain>BAE87FEB-ACEC-B187-9E21-FB3A10990546</domain>
<ownDataTypeParameters>,,</ownDataTypeParameters>
<autoIncrementCycle>false</autoIncrementCycle>
</Column>
<Column name="nombre" id="66F340D7-B63D-AC52-51FC-E2FB9F5D615C">
<sourceDDLFile>Clinica.sql</sourceDDLFile>
<createdBy>jeiso</createdBy>
<createdTime>2025-09-15 16:53:30 UTC</createdTime>
<ownerDesignName>Clinicacompleto</ownerDesignName>
<importedID>108709E0-E011-B9E7-6B97-6360B675702B</importedID>
<use>0</use>
<logicalDatatype>LOGDT024</logicalDatatype>
<domain>1575CA32-031C-D33A-E2F6-374654DD949A</domain>
<ownDataTypeParameters>,,</ownDataTypeParameters>
<autoIncrementCycle>false</autoIncrementCycle>
</Column>
</columns>
<indexes itemClass="oracle.dbtools.crest.model.design.relational.Index">
<ind_PK_UK id="0465AC8E-19BE-A6BE-0E92-27725867E50F" name="TIPO_ATENCION_PK">
<sourceDDLFile>Clinica.sql</sourceDDLFile>
<createdBy>jeiso</createdBy>
<createdTime>2025-09-15 16:53:30 UTC</createdTime>
<ownerDesignName>Clinicacompleto</ownerDesignName>
<importedID>0369DF01-ED24-403C-A207-4877CE1886B9</importedID>
<pk>true</pk>
<indexState>Primary Constraint</indexState>
<isSurrogateKey>false</isSurrogateKey>
<indexColumnUsage>
<colUsage columnID="C95F02DF-9ADE-8B21-85CC-06E576F93AAF"/>
</indexColumnUsage>
</ind_PK_UK>
<ind_PK_UK id="6DDA115F-1071-1280-E944-4544015D4C2D" name="INDEX_1v1">
<sourceDDLFile>Clinica.sql</sourceDDLFile>
<createdBy>jeiso</createdBy>
<createdTime>2025-09-15 16:53:30 UTC</createdTime>
<ownerDesignName>Clinicacompleto</ownerDesignName>
<importedID>51B3B796-C8BC-750F-F27D-160F1E54CE24</importedID>
<indexState>Unique Constraint</indexState>
<isSurrogateKey>false</isSurrogateKey>
<indexColumnUsage>
<colUsage columnID="66F340D7-B63D-AC52-51FC-E2FB9F5D615C"/>
</indexColumnUsage>
</ind_PK_UK>
</indexes>
</Table>