<?xml version = '1.0' encoding = 'UTF-8'?>
<Table class="oracle.dbtools.crest.model.design.relational.Table" directorySegmentName="seg_0" id="3A6AD97A-2320-AD7E-08C3-71F8C60FFB9C" name="PACIENTE_ESTUDIANTE">
<sourceDDLFile>Clinica.sql</sourceDDLFile>
<createdBy>jeiso</createdBy>
<createdTime>2025-09-15 16:53:30 UTC</createdTime>
<ownerDesignName>Clinicacompleto</ownerDesignName>
<importedID>BDF2C55F-ED30-6DC1-A7BE-892838DB8B2B</importedID>
<allowColumnReorder>false</allowColumnReorder>
<existDependencyGenerateInDDl>true</existDependencyGenerateInDDl>
<parsed>true</parsed>
<columns itemClass="oracle.dbtools.crest.model.design.relational.Column">
<Column name="rut" id="DF038479-A751-F5AF-ECC6-0836D3327281">
<sourceDDLFile>Clinica.sql</sourceDDLFile>
<createdBy>jeiso</createdBy>
<createdTime>2025-09-15 16:53:30 UTC</createdTime>
<ownerDesignName>Clinicacompleto</ownerDesignName>
<importedID>3AC53CC3-608E-777E-443E-6CA556852D8F</importedID>
<use>0</use>
<logicalDatatype>LOGDT024</logicalDatatype>
<domain>E28E64AB-F613-7DF5-603D-98E686EA0A39</domain>
<ownDataTypeParameters>,,</ownDataTypeParameters>
<autoIncrementCycle>false</autoIncrementCycle>
<associations>
<colAssociation fkAssociation="5D0574AF-4649-298F-57C9-6D80C73C8548" referredColumn="DAC0C935-C542-CC78-9A5F-99540FF6D95E"/>
</associations>
</Column>
<Column name="institucion" id="23149B8C-A1EA-C9FA-3426-A99541599718">
<sourceDDLFile>Clinica.sql</sourceDDLFile>
<createdBy>jeiso</createdBy>
<createdTime>2025-09-15 16:53:30 UTC</createdTime>
<ownerDesignName>Clinicacompleto</ownerDesignName>
<importedID>545B200F-CAC1-3107-0E37-94D6319799C4</importedID>
<use>0</use>
<logicalDatatype>LOGDT024</logicalDatatype>
<domain>EAE66029-AB97-6231-86C8-71E7EB8F6124</domain>
<ownDataTypeParameters>,,</ownDataTypeParameters>
<autoIncrementCycle>false</autoIncrementCycle>
</Column>
</columns>
<indexes itemClass="oracle.dbtools.crest.model.design.relational.Index">
<ind_PK_UK id="B3F20219-0DE6-CAD7-4455-6142A12F3858" name="PACIENTE_ESTUDIANTE_PK">
<sourceDDLFile>Clinica.sql</sourceDDLFile>
<createdBy>jeiso</createdBy>
<createdTime>2025-09-15 16:53:30 UTC</createdTime>
<ownerDesignName>Clinicacompleto</ownerDesignName>
<importedID>311CB95C-5D77-5BCA-535D-1C082218BAFA</importedID>
<pk>true</pk>
<indexState>Primary Constraint</indexState>
<isSurrogateKey>false</isSurrogateKey>
<indexColumnUsage>
<colUsage columnID="DF038479-A751-F5AF-ECC6-0836D3327281"/>
</indexColumnUsage>
</ind_PK_UK>
<ind_PK_UK id="1E11A013-2370-BB88-73F3-94177C214D39" name="fk_pac_est">
<createdBy>jeiso</createdBy>
<createdTime>2025-09-15 16:53:30 UTC</createdTime>
<ownerDesignName>Clinicacompleto</ownerDesignName>
<indexState>Foreign Key</indexState>
<isSurrogateKey>false</isSurrogateKey>
<indexColumnUsage>
<colUsage columnID="DF038479-A751-F5AF-ECC6-0836D3327281"/>
</indexColumnUsage>
</ind_PK_UK>
</indexes>
</Table>