<?xml version = '1.0' encoding = 'UTF-8'?>
<Table class="oracle.dbtools.crest.model.design.relational.Table" directorySegmentName="seg_0" id="7EB0BECE-5502-6744-070F-857630208120" name="ATENCION_MEDICA">
<sourceDDLFile>Clinica.sql</sourceDDLFile>
<createdBy>jeiso</createdBy>
<createdTime>2025-09-15 16:53:30 UTC</createdTime>
<ownerDesignName>Clinicacompleto</ownerDesignName>
<importedID>5FB820D8-E419-82C5-E50A-45EE47EFA1EF</importedID>
<allowColumnReorder>false</allowColumnReorder>
<existDependencyGenerateInDDl>true</existDependencyGenerateInDDl>
<parsed>true</parsed>
<columns itemClass="oracle.dbtools.crest.model.design.relational.Column">
<Column name="id_atencion" id="F3FB269A-87BF-0462-E721-CCB42957B750">
<sourceDDLFile>Clinica.sql</sourceDDLFile>
<createdBy>jeiso</createdBy>
<createdTime>2025-09-15 16:53:30 UTC</createdTime>
<ownerDesignName>Clinicacompleto</ownerDesignName>
<importedID>3E2AF59D-1863-A0B5-CDAC-A2B6F4527E0B</importedID>
<use>0</use>
<logicalDatatype>LOGDT019</logicalDatatype>
<domain>BAE87FEB-ACEC-B187-9E21-FB3A10990546</domain>
<ownDataTypeParameters>,,</ownDataTypeParameters>
<autoIncrementCycle>false</autoIncrementCycle>
</Column>
<Column name="fecha" id="3E21A55B-FFAB-31E3-B38C-09B18639DBC7">
<sourceDDLFile>Clinica.sql</sourceDDLFile>
<createdBy>jeiso</createdBy>
<createdTime>2025-09-15 16:53:30 UTC</createdTime>
<ownerDesignName>Clinicacompleto</ownerDesignName>
<importedID>93ADB87F-8BF5-5A67-A28C-8564C8218A94</importedID>
<use>0</use>
<logicalDatatype>LOGDT007</logicalDatatype>
<domain>C127EB1A-5B5B-D8A8-FA67-9EA7F3F2B0FF</domain>
<ownDataTypeParameters>,,</ownDataTypeParameters>
<autoIncrementCycle>false</autoIncrementCycle>
</Column>
<Column name="hora" id="8A02277E-31D0-05A8-5EF0-08E9DC10A987">
<sourceDDLFile>Clinica.sql</sourceDDLFile>
<createdBy>jeiso</createdBy>
<createdTime>2025-09-15 16:53:30 UTC</createdTime>
<ownerDesignName>Clinicacompleto</ownerDesignName>
<importedID>92CF7090-8B9D-961C-4415-82D28DDCD962</importedID>
<use>0</use>
<logicalDatatype>LOGDT015</logicalDatatype>
<domain>46A7F64C-31F8-359E-B605-51CC2EC02D94</domain>
<ownDataTypeParameters>,,</ownDataTypeParameters>
<autoIncrementCycle>false</autoIncrementCycle>
</Column>
<Column name="tipo_id" id="5856FCB1-CB65-4B4E-6781-D61C2AA19CE9">
<sourceDDLFile>Clinica.sql</sourceDDLFile>
<createdBy>jeiso</createdBy>
<createdTime>2025-09-15 16:53:30 UTC</createdTime>
<ownerDesignName>Clinicacompleto</ownerDesignName>
<importedID>210EAE64-746A-F587-41A9-29D0AE999640</importedID>
<use>0</use>
<logicalDatatype>LOGDT019</logicalDatatype>
<domain>BAE87FEB-ACEC-B187-9E21-FB3A10990546</domain>
<ownDataTypeParameters>,,</ownDataTypeParameters>
<autoIncrementCycle>false</autoIncrementCycle>
<associations>
<colAssociation fkAssociation="F8303848-CF12-A05F-8A3C-FCA5C3115AF3" referredColumn="C95F02DF-9ADE-8B21-85CC-06E576F93AAF"/>
</associations>
</Column>
<Column name="diagnostico" id="21813CD5-D076-A907-8959-0FF9477E6895">
<sourceDDLFile>Clinica.sql</sourceDDLFile>
<createdBy>jeiso</createdBy>
<createdTime>2025-09-15 16:53:30 UTC</createdTime>
<ownerDesignName>Clinicacompleto</ownerDesignName>
<importedID>F8575634-0079-02A1-488B-BE7DA465ED79</importedID>
<nullsAllowed>true</nullsAllowed>
<use>0</use>
<logicalDatatype>LOGDT024</logicalDatatype>
<domain>333042F1-40A8-D393-83B8-3B40579EB3D1</domain>
<ownDataTypeParameters>,,</ownDataTypeParameters>
<autoIncrementCycle>false</autoIncrementCycle>
</Column>
<Column name="paciente_rut" id="38EA9459-D641-2BBD-AB4C-B5CCA2CAF53B">
<sourceDDLFile>Clinica.sql</sourceDDLFile>
<createdBy>jeiso</createdBy>
<createdTime>2025-09-15 16:53:30 UTC</createdTime>
<ownerDesignName>Clinicacompleto</ownerDesignName>
<importedID>AD65A1F2-B33F-F53E-11FC-A876316F4BBC</importedID>
<use>0</use>
<logicalDatatype>LOGDT024</logicalDatatype>
<domain>E28E64AB-F613-7DF5-603D-98E686EA0A39</domain>
<ownDataTypeParameters>,,</ownDataTypeParameters>
<autoIncrementCycle>false</autoIncrementCycle>
<associations>
<colAssociation fkAssociation="75E2E417-7B16-8440-675B-ECB0DD0EC3D4" referredColumn="DAC0C935-C542-CC78-9A5F-99540FF6D95E"/>
</associations>
</Column>
<Column name="medico_rut" id="F8557983-FD1C-B0E8-F6F9-5AC8073E2CD8">
<sourceDDLFile>Clinica.sql</sourceDDLFile>
<createdBy>jeiso</createdBy>
<createdTime>2025-09-15 16:53:30 UTC</createdTime>
<ownerDesignName>Clinicacompleto</ownerDesignName>
<importedID>57B6CCBA-C96B-4DDA-7185-9E48004019BF</importedID>
<use>0</use>
<logicalDatatype>LOGDT024</logicalDatatype>
<domain>E28E64AB-F613-7DF5-603D-98E686EA0A39</domain>
<ownDataTypeParameters>,,</ownDataTypeParameters>
<autoIncrementCycle>false</autoIncrementCycle>
<associations>
<colAssociation fkAssociation="3B418D41-5393-FE4A-0794-5C26EEFA3CC6" referredColumn="64287ADE-40A3-457F-6206-F36D1F69D280"/>
</associations>
</Column>
</columns>
<indexes itemClass="oracle.dbtools.crest.model.design.relational.Index">
<ind_PK_UK id="808E6056-FD21-520A-2D87-AE05E53A6648" name="ATENCION_MEDICA_PK">
<sourceDDLFile>Clinica.sql</sourceDDLFile>
<createdBy>jeiso</createdBy>
<createdTime>2025-09-15 16:53:30 UTC</createdTime>
<ownerDesignName>Clinicacompleto</ownerDesignName>
<importedID>DB1C76B5-400A-180F-0FA7-57E00BBD17AA</importedID>
<pk>true</pk>
<indexState>Primary Constraint</indexState>
<isSurrogateKey>false</isSurrogateKey>
<indexColumnUsage>
<colUsage columnID="F3FB269A-87BF-0462-E721-CCB42957B750"/>
</indexColumnUsage>
</ind_PK_UK>
<ind_PK_UK id="DECD5E16-49C0-A664-2FCA-F1ACA22C82C7" name="fk_atencion_medico">
<createdBy>jeiso</createdBy>
<createdTime>2025-09-15 16:53:30 UTC</createdTime>
<ownerDesignName>Clinicacompleto</ownerDesignName>
<indexState>Foreign Key</indexState>
<isSurrogateKey>false</isSurrogateKey>
<indexColumnUsage>
<colUsage columnID="F8557983-FD1C-B0E8-F6F9-5AC8073E2CD8"/>
</indexColumnUsage>
</ind_PK_UK>
<ind_PK_UK id="6AC9DB5F-1391-4B31-0CCD-C15DA2260455" name="fk_atencion_paciente">
<createdBy>jeiso</createdBy>
<createdTime>2025-09-15 16:53:30 UTC</createdTime>
<ownerDesignName>Clinicacompleto</ownerDesignName>
<indexState>Foreign Key</indexState>
<isSurrogateKey>false</isSurrogateKey>
<indexColumnUsage>
<colUsage columnID="38EA9459-D641-2BBD-AB4C-B5CCA2CAF53B"/>
</indexColumnUsage>
</ind_PK_UK>
<ind_PK_UK id="1EE8C27A-2BBA-BAB2-AF64-1EDD576FF712" name="fk_atencion_tipo">
<createdBy>jeiso</createdBy>
<createdTime>2025-09-15 16:53:30 UTC</createdTime>
<ownerDesignName>Clinicacompleto</ownerDesignName>
<indexState>Foreign Key</indexState>
<isSurrogateKey>false</isSurrogateKey>
<indexColumnUsage>
<colUsage columnID="5856FCB1-CB65-4B4E-6781-D61C2AA19CE9"/>
</indexColumnUsage>
</ind_PK_UK>
</indexes>
</Table>