<?xml version = '1.0' encoding = 'UTF-8'?>
<Table class="oracle.dbtools.crest.model.design.relational.Table" directorySegmentName="seg_0" id="96E219C8-71E0-C230-75FB-A1F26F4288C3" name="MEDICO">
<sourceDDLFile>Clinica.sql</sourceDDLFile>
<createdBy>jeiso</createdBy>
<createdTime>2025-09-15 16:53:30 UTC</createdTime>
<ownerDesignName>Clinicacompleto</ownerDesignName>
<importedID>79DBE91F-7F42-3ADD-5062-E90BCE415D7C</importedID>
<allowColumnReorder>false</allowColumnReorder>
<existDependencyGenerateInDDl>true</existDependencyGenerateInDDl>
<parsed>true</parsed>
<columns itemClass="oracle.dbtools.crest.model.design.relational.Column">
<Column name="rut" id="64287ADE-40A3-457F-6206-F36D1F69D280">
<sourceDDLFile>Clinica.sql</sourceDDLFile>
<createdBy>jeiso</createdBy>
<createdTime>2025-09-15 16:53:30 UTC</createdTime>
<ownerDesignName>Clinicacompleto</ownerDesignName>
<importedID>DA6BEC1B-ADD9-9CAC-AC58-4D51C9A45131</importedID>
<use>0</use>
<logicalDatatype>LOGDT024</logicalDatatype>
<domain>E28E64AB-F613-7DF5-603D-98E686EA0A39</domain>
<ownDataTypeParameters>,,</ownDataTypeParameters>
<autoIncrementCycle>false</autoIncrementCycle>
</Column>
<Column name="nombre_completo" id="EEE36DEC-EDDB-4539-577E-A7469CE94B69">
<sourceDDLFile>Clinica.sql</sourceDDLFile>
<createdBy>jeiso</createdBy>
<createdTime>2025-09-15 16:53:30 UTC</createdTime>
<ownerDesignName>Clinicacompleto</ownerDesignName>
<importedID>E4A51207-E079-C1B1-DC58-E298323F2864</importedID>
<use>0</use>
<logicalDatatype>LOGDT024</logicalDatatype>
<domain>EAE66029-AB97-6231-86C8-71E7EB8F6124</domain>
<ownDataTypeParameters>,,</ownDataTypeParameters>
<autoIncrementCycle>false</autoIncrementCycle>
</Column>
<Column name="fecha_ingreso" id="FD5C16B4-95ED-97BA-0BA1-4E016FE9E2F3">
<sourceDDLFile>Clinica.sql</sourceDDLFile>
<createdBy>jeiso</createdBy>
<createdTime>2025-09-15 16:53:30 UTC</createdTime>
<ownerDesignName>Clinicacompleto</ownerDesignName>
<importedID>E4F0BFF5-B91E-1B28-5225-9C2BD97B43AA</importedID>
<use>0</use>
<logicalDatatype>LOGDT007</logicalDatatype>
<domain>C127EB1A-5B5B-D8A8-FA67-9EA7F3F2B0FF</domain>
<ownDataTypeParameters>,,</ownDataTypeParameters>
<autoIncrementCycle>false</autoIncrementCycle>
</Column>
<Column name="especialidad_id" id="2D8070FE-6D00-8020-4CD5-50FCE3F7656D">
<sourceDDLFile>Clinica.sql</sourceDDLFile>
<createdBy>jeiso</createdBy>
<createdTime>2025-09-15 16:53:30 UTC</createdTime>
<ownerDesignName>Clinicacompleto</ownerDesignName>
<importedID>023D2E66-D4A8-BF73-4E4E-620BC3BE70A1</importedID>
<use>0</use>
<logicalDatatype>LOGDT019</logicalDatatype>
<domain>BAE87FEB-ACEC-B187-9E21-FB3A10990546</domain>
<ownDataTypeParameters>,,</ownDataTypeParameters>
<autoIncrementCycle>false</autoIncrementCycle>
<associations>
<colAssociation fkAssociation="4C35D838-4BFF-1067-AFCF-BA3E7EF16684" referredColumn="3FD97D8C-5FB8-FB2B-51E7-D5E1E6DCC641"/>
</associations>
</Column>
<Column name="afp_codigo" id="933E44BE-A6FC-DECD-4FD1-BD797AC8C9E0">
<sourceDDLFile>Clinica.sql</sourceDDLFile>
<createdBy>jeiso</createdBy>
<createdTime>2025-09-15 16:53:30 UTC</createdTime>
<ownerDesignName>Clinicacompleto</ownerDesignName>
<importedID>88F42304-D967-7C4A-581C-F7FB11AE18C8</importedID>
<use>0</use>
<logicalDatatype>LOGDT024</logicalDatatype>
<domain>573F88AB-A0C2-7103-B3A4-0A2D344B31B9</domain>
<ownDataTypeParameters>,,</ownDataTypeParameters>
<autoIncrementCycle>false</autoIncrementCycle>
<associations>
<colAssociation fkAssociation="0E1C9856-E81F-152C-BB2A-DB2AA33C1955" referredColumn="D0536A09-1043-E3CB-5C5B-1211DA7325F0"/>
</associations>
</Column>
<Column name="institucion_salud_codigo" id="26656F85-7CBA-7176-64A2-A2576AFF021A">
<sourceDDLFile>Clinica.sql</sourceDDLFile>
<createdBy>jeiso</createdBy>
<createdTime>2025-09-15 16:53:30 UTC</createdTime>
<ownerDesignName>Clinicacompleto</ownerDesignName>
<importedID>EFD26575-F2E7-092D-3317-A0443A34105F</importedID>
<use>0</use>
<logicalDatatype>LOGDT024</logicalDatatype>
<domain>573F88AB-A0C2-7103-B3A4-0A2D344B31B9</domain>
<ownDataTypeParameters>,,</ownDataTypeParameters>
<autoIncrementCycle>false</autoIncrementCycle>
<associations>
<colAssociation fkAssociation="399288F4-83EC-02C7-1AF1-E9C9373BFB10" referredColumn="27B9DA2D-D5DF-7402-E3EE-5936403C1679"/>
</associations>
</Column>
</columns>
<indexes itemClass="oracle.dbtools.crest.model.design.relational.Index">
<ind_PK_UK id="F5A24EB3-7A7A-FE70-DD73-8D16E0948B28" name="MEDICO_PK">
<sourceDDLFile>Clinica.sql</sourceDDLFile>
<createdBy>jeiso</createdBy>
<createdTime>2025-09-15 16:53:30 UTC</createdTime>
<ownerDesignName>Clinicacompleto</ownerDesignName>
<importedID>8A4576A4-E027-EB24-4B66-57C1B25ED414</importedID>
<pk>true</pk>
<indexState>Primary Constraint</indexState>
<isSurrogateKey>false</isSurrogateKey>
<indexColumnUsage>
<colUsage columnID="64287ADE-40A3-457F-6206-F36D1F69D280"/>
</indexColumnUsage>
</ind_PK_UK>
<ind_PK_UK id="EE9C84C9-B530-1F33-A73B-C9391633AB08" name="fk_medico_afp">
<createdBy>jeiso</createdBy>
<createdTime>2025-09-15 16:53:30 UTC</createdTime>
<ownerDesignName>Clinicacompleto</ownerDesignName>
<indexState>Foreign Key</indexState>
<isSurrogateKey>false</isSurrogateKey>
<indexColumnUsage>
<colUsage columnID="933E44BE-A6FC-DECD-4FD1-BD797AC8C9E0"/>
</indexColumnUsage>
</ind_PK_UK>
<ind_PK_UK id="5A43AEBE-2967-DD68-DCD1-AE421C09152F" name="fk_medico_especialidad">
<createdBy>jeiso</createdBy>
<createdTime>2025-09-15 16:53:30 UTC</createdTime>
<ownerDesignName>Clinicacompleto</ownerDesignName>
<indexState>Foreign Key</indexState>
<isSurrogateKey>false</isSurrogateKey>
<indexColumnUsage>
<colUsage columnID="2D8070FE-6D00-8020-4CD5-50FCE3F7656D"/>
</indexColumnUsage>
</ind_PK_UK>
<ind_PK_UK id="038F82F6-1BF7-C420-F8EE-3885DFF117BC" name="fk_medico_salud">
<createdBy>jeiso</createdBy>
<createdTime>2025-09-15 16:53:30 UTC</createdTime>
<ownerDesignName>Clinicacompleto</ownerDesignName>
<indexState>Foreign Key</indexState>
<isSurrogateKey>false</isSurrogateKey>
<indexColumnUsage>
<colUsage columnID="26656F85-7CBA-7176-64A2-A2576AFF021A"/>
</indexColumnUsage>
</ind_PK_UK>
</indexes>
</Table>