<?xml version = '1.0' encoding = 'UTF-8'?>
<Table class="oracle.dbtools.crest.model.design.relational.Table" directorySegmentName="seg_0" id="9DB5EF4A-7F4F-9DAF-0765-DAE002B0559E" name="PAGO_ATENCION">
<sourceDDLFile>Clinica.sql</sourceDDLFile>
<createdBy>jeiso</createdBy>
<createdTime>2025-09-15 16:53:30 UTC</createdTime>
<ownerDesignName>Clinicacompleto</ownerDesignName>
<importedID>86A744E6-66A4-36FA-23D5-786997B25961</importedID>
<allowColumnReorder>false</allowColumnReorder>
<existDependencyGenerateInDDl>true</existDependencyGenerateInDDl>
<parsed>true</parsed>
<columns itemClass="oracle.dbtools.crest.model.design.relational.Column">
<Column name="id_pago" id="82D9787C-2236-DDA7-C5A0-FDA68763C505">
<sourceDDLFile>Clinica.sql</sourceDDLFile>
<createdBy>jeiso</createdBy>
<createdTime>2025-09-15 16:53:30 UTC</createdTime>
<ownerDesignName>Clinicacompleto</ownerDesignName>
<importedID>0310ACBA-1A8C-3D0E-C539-2E5C16983AA5</importedID>
<use>0</use>
<logicalDatatype>LOGDT019</logicalDatatype>
<domain>BAE87FEB-ACEC-B187-9E21-FB3A10990546</domain>
<ownDataTypeParameters>,,</ownDataTypeParameters>
<autoIncrementCycle>false</autoIncrementCycle>
</Column>
<Column name="monto" id="27E47A57-68BF-6DD7-2725-90CC29800DFC">
<sourceDDLFile>Clinica.sql</sourceDDLFile>
<createdBy>jeiso</createdBy>
<createdTime>2025-09-15 16:53:30 UTC</createdTime>
<ownerDesignName>Clinicacompleto</ownerDesignName>
<importedID>D5E2E44D-3C68-0C10-6E97-664EBECCA64E</importedID>
<use>0</use>
<logicalDatatype>LOGDT019</logicalDatatype>
<domain>5245162F-697B-13AF-7323-974D914756D9</domain>
<ownDataTypeParameters>,,</ownDataTypeParameters>
<autoIncrementCycle>false</autoIncrementCycle>
</Column>
<Column name="tipo_id" id="1CDB3EFA-02FA-66FA-525F-8D9F5EAEF57B">
<sourceDDLFile>Clinica.sql</sourceDDLFile>
<createdBy>jeiso</createdBy>
<createdTime>2025-09-15 16:53:30 UTC</createdTime>
<ownerDesignName>Clinicacompleto</ownerDesignName>
<importedID>C542107E-E18A-7B7A-2EBC-5812A8B6D5DF</importedID>
<use>0</use>
<logicalDatatype>LOGDT019</logicalDatatype>
<domain>BAE87FEB-ACEC-B187-9E21-FB3A10990546</domain>
<ownDataTypeParameters>,,</ownDataTypeParameters>
<autoIncrementCycle>false</autoIncrementCycle>
<associations>
<colAssociation fkAssociation="D21CEA1B-5937-B033-6525-923E89770F36" referredColumn="CF8119F4-9E68-F7B6-2E41-585A53DBD8B4"/>
</associations>
</Column>
<Column name="atencion_id" id="E2B1611B-6C33-81A2-DB07-A64D44791536">
<sourceDDLFile>Clinica.sql</sourceDDLFile>
<createdBy>jeiso</createdBy>
<createdTime>2025-09-15 16:53:30 UTC</createdTime>
<ownerDesignName>Clinicacompleto</ownerDesignName>
<importedID>54913928-AC22-463D-27A9-47EB1AAA5822</importedID>
<use>0</use>
<logicalDatatype>LOGDT019</logicalDatatype>
<domain>BAE87FEB-ACEC-B187-9E21-FB3A10990546</domain>
<ownDataTypeParameters>,,</ownDataTypeParameters>
<autoIncrementCycle>false</autoIncrementCycle>
<associations>
<colAssociation fkAssociation="ACD9D852-E5EE-FEB5-F014-98A6AA54BDB0" referredColumn="F3FB269A-87BF-0462-E721-CCB42957B750"/>
</associations>
</Column>
</columns>
<indexes itemClass="oracle.dbtools.crest.model.design.relational.Index">
<ind_PK_UK id="4AD5E9A3-52C7-0CC4-61D5-F1E431C0CC97" name="PAGO_ATENCION_PK">
<sourceDDLFile>Clinica.sql</sourceDDLFile>
<createdBy>jeiso</createdBy>
<createdTime>2025-09-15 16:53:30 UTC</createdTime>
<ownerDesignName>Clinicacompleto</ownerDesignName>
<importedID>33DFABD1-8394-00C6-0950-212DBFC230A2</importedID>
<pk>true</pk>
<indexState>Primary Constraint</indexState>
<isSurrogateKey>false</isSurrogateKey>
<indexColumnUsage>
<colUsage columnID="82D9787C-2236-DDA7-C5A0-FDA68763C505"/>
</indexColumnUsage>
</ind_PK_UK>
<ind_PK_UK id="EAD4C1AB-ECF9-3D67-F7A5-1047902E3023" name="INDEX_1">
<sourceDDLFile>Clinica.sql</sourceDDLFile>
<createdBy>jeiso</createdBy>
<createdTime>2025-09-15 16:53:30 UTC</createdTime>
<ownerDesignName>Clinicacompleto</ownerDesignName>
<importedID>1D6DDA28-623F-7481-AD26-4A4C22E50EBC</importedID>
<indexState>Unique Constraint</indexState>
<isSurrogateKey>false</isSurrogateKey>
<indexColumnUsage>
<colUsage columnID="E2B1611B-6C33-81A2-DB07-A64D44791536"/>
</indexColumnUsage>
</ind_PK_UK>
<ind_PK_UK id="FFB71353-5048-CD83-9D6E-E958069248B1" name="fk_pago_atencion">
<createdBy>jeiso</createdBy>
<createdTime>2025-09-15 16:53:30 UTC</createdTime>
<ownerDesignName>Clinicacompleto</ownerDesignName>
<indexState>Foreign Key</indexState>
<isSurrogateKey>false</isSurrogateKey>
<indexColumnUsage>
<colUsage columnID="E2B1611B-6C33-81A2-DB07-A64D44791536"/>
</indexColumnUsage>
</ind_PK_UK>
<ind_PK_UK id="774785ED-69B6-279F-70A1-C4BCF1924B27" name="fk_pago_tipo">
<createdBy>jeiso</createdBy>
<createdTime>2025-09-15 16:53:30 UTC</createdTime>
<ownerDesignName>Clinicacompleto</ownerDesignName>
<indexState>Foreign Key</indexState>
<isSurrogateKey>false</isSurrogateKey>
<indexColumnUsage>
<colUsage columnID="1CDB3EFA-02FA-66FA-525F-8D9F5EAEF57B"/>
</indexColumnUsage>
</ind_PK_UK>
</indexes>
</Table>