<?xml version = '1.0' encoding = 'UTF-8'?>
<Table class="oracle.dbtools.crest.model.design.relational.Table" directorySegmentName="seg_0" id="A3D3E418-1593-8349-AD0B-7FF3C553CD8B" name="PACIENTE_EXTERNO">
<sourceDDLFile>Clinica.sql</sourceDDLFile>
<createdBy>jeiso</createdBy>
<createdTime>2025-09-15 16:53:30 UTC</createdTime>
<ownerDesignName>Clinicacompleto</ownerDesignName>
<importedID>11CFF832-D7C2-49DF-1A45-F22A6E1CD239</importedID>
<allowColumnReorder>false</allowColumnReorder>
<existDependencyGenerateInDDl>true</existDependencyGenerateInDDl>
<parsed>true</parsed>
<columns itemClass="oracle.dbtools.crest.model.design.relational.Column">
<Column name="rut" id="73E6D1CC-AAA8-D878-039F-24AF502A22E5">
<sourceDDLFile>Clinica.sql</sourceDDLFile>
<createdBy>jeiso</createdBy>
<createdTime>2025-09-15 16:53:30 UTC</createdTime>
<ownerDesignName>Clinicacompleto</ownerDesignName>
<importedID>9306BCDF-B083-55E7-DD12-C40315418E94</importedID>
<use>0</use>
<logicalDatatype>LOGDT024</logicalDatatype>
<domain>E28E64AB-F613-7DF5-603D-98E686EA0A39</domain>
<ownDataTypeParameters>,,</ownDataTypeParameters>
<autoIncrementCycle>false</autoIncrementCycle>
<associations>
<colAssociation fkAssociation="DB2A3913-4FE5-5669-D027-0971E3C86CA4" referredColumn="DAC0C935-C542-CC78-9A5F-99540FF6D95E"/>
</associations>
</Column>
<Column name="ocupacion" id="697660EE-9456-EC2B-A91B-EA4A783CD990">
<sourceDDLFile>Clinica.sql</sourceDDLFile>
<createdBy>jeiso</createdBy>
<createdTime>2025-09-15 16:53:30 UTC</createdTime>
<ownerDesignName>Clinicacompleto</ownerDesignName>
<importedID>BB5D985A-143E-026C-2514-8EB8E7DB7B65</importedID>
<nullsAllowed>true</nullsAllowed>
<use>0</use>
<logicalDatatype>LOGDT024</logicalDatatype>
<domain>EAE66029-AB97-6231-86C8-71E7EB8F6124</domain>
<ownDataTypeParameters>,,</ownDataTypeParameters>
<autoIncrementCycle>false</autoIncrementCycle>
</Column>
</columns>
<indexes itemClass="oracle.dbtools.crest.model.design.relational.Index">
<ind_PK_UK id="7B5195CC-8F06-54E3-406A-AE6CEFFCA42B" name="PACIENTE_EXTERNO_PK">
<sourceDDLFile>Clinica.sql</sourceDDLFile>
<createdBy>jeiso</createdBy>
<createdTime>2025-09-15 16:53:30 UTC</createdTime>
<ownerDesignName>Clinicacompleto</ownerDesignName>
<importedID>FD49A79E-DBA8-7C11-7472-B4538A1C5BAF</importedID>
<pk>true</pk>
<indexState>Primary Constraint</indexState>
<isSurrogateKey>false</isSurrogateKey>
<indexColumnUsage>
<colUsage columnID="73E6D1CC-AAA8-D878-039F-24AF502A22E5"/>
</indexColumnUsage>
</ind_PK_UK>
<ind_PK_UK id="51A22471-DA10-FAA5-9B9D-DA8C93DD429D" name="fk_pac_ext">
<createdBy>jeiso</createdBy>
<createdTime>2025-09-15 16:53:30 UTC</createdTime>
<ownerDesignName>Clinicacompleto</ownerDesignName>
<indexState>Foreign Key</indexState>
<isSurrogateKey>false</isSurrogateKey>
<indexColumnUsage>
<colUsage columnID="73E6D1CC-AAA8-D878-039F-24AF502A22E5"/>
</indexColumnUsage>
</ind_PK_UK>
</indexes>
</Table>