<?xml version = '1.0' encoding = 'UTF-8'?>
<Table class="oracle.dbtools.crest.model.design.relational.Table" directorySegmentName="seg_0" id="B595237F-5CF7-263F-690F-85312D5E966A" name="TIPO_PAGO">
<sourceDDLFile>Clinica.sql</sourceDDLFile>
<createdBy>jeiso</createdBy>
<createdTime>2025-09-15 16:53:30 UTC</createdTime>
<ownerDesignName>Clinicacompleto</ownerDesignName>
<importedID>F5638B2A-C0D9-A703-EDA1-E45A4C63546B</importedID>
<allowColumnReorder>false</allowColumnReorder>
<existDependencyGenerateInDDl>true</existDependencyGenerateInDDl>
<parsed>true</parsed>
<columns itemClass="oracle.dbtools.crest.model.design.relational.Column">
<Column name="id_tipo" id="CF8119F4-9E68-F7B6-2E41-585A53DBD8B4">
<sourceDDLFile>Clinica.sql</sourceDDLFile>
<createdBy>jeiso</createdBy>
<createdTime>2025-09-15 16:53:30 UTC</createdTime>
<ownerDesignName>Clinicacompleto</ownerDesignName>
<importedID>CB2C142A-978E-9DA8-399A-08E6080C00F2</importedID>
<use>0</use>
<logicalDatatype>LOGDT019</logicalDatatype>
<domain>BAE87FEB-ACEC-B187-9E21-FB3A10990546</domain>
<ownDataTypeParameters>,,</ownDataTypeParameters>
<autoIncrementCycle>false</autoIncrementCycle>
</Column>
<Column name="nombre" id="B87D527C-B21F-D11C-4366-3A93D0FADD0C">
<sourceDDLFile>Clinica.sql</sourceDDLFile>
<createdBy>jeiso</createdBy>
<createdTime>2025-09-15 16:53:30 UTC</createdTime>
<ownerDesignName>Clinicacompleto</ownerDesignName>
<importedID>382C3329-CC86-35C1-BC6A-6D48FE49DC24</importedID>
<use>0</use>
<logicalDatatype>LOGDT024</logicalDatatype>
<domain>1575CA32-031C-D33A-E2F6-374654DD949A</domain>
<ownDataTypeParameters>,,</ownDataTypeParameters>
<autoIncrementCycle>false</autoIncrementCycle>
</Column>
</columns>
<indexes itemClass="oracle.dbtools.crest.model.design.relational.Index">
<ind_PK_UK id="5EC3A8BD-C015-9384-800B-F71C6AD56EF0" name="TIPO_PAGO_PK">
<sourceDDLFile>Clinica.sql</sourceDDLFile>
<createdBy>jeiso</createdBy>
<createdTime>2025-09-15 16:53:30 UTC</createdTime>
<ownerDesignName>Clinicacompleto</ownerDesignName>
<importedID>D1682BF2-6FC8-FDF9-E8F6-050FE59B5FA2</importedID>
<pk>true</pk>
<indexState>Primary Constraint</indexState>
<isSurrogateKey>false</isSurrogateKey>
<indexColumnUsage>
<colUsage columnID="CF8119F4-9E68-F7B6-2E41-585A53DBD8B4"/>
</indexColumnUsage>
</ind_PK_UK>
<ind_PK_UK id="3AE7D788-D83D-7EE4-D63B-DB15E6B8A3A7" name="INDEX_1v2">
<sourceDDLFile>Clinica.sql</sourceDDLFile>
<createdBy>jeiso</createdBy>
<createdTime>2025-09-15 16:53:30 UTC</createdTime>
<ownerDesignName>Clinicacompleto</ownerDesignName>
<importedID>641201A6-94C1-2F9F-A259-367632D32559</importedID>
<indexState>Unique Constraint</indexState>
<isSurrogateKey>false</isSurrogateKey>
<indexColumnUsage>
<colUsage columnID="B87D527C-B21F-D11C-4366-3A93D0FADD0C"/>
</indexColumnUsage>
</ind_PK_UK>
</indexes>
</Table>