<?xml version = '1.0' encoding = 'UTF-8'?>
<Table class="oracle.dbtools.crest.model.design.relational.Table" directorySegmentName="seg_0" id="DEF88A22-0F67-0D55-824F-C9C69B973324" name="PACIENTE_FUNCIONARIO">
<sourceDDLFile>Clinica.sql</sourceDDLFile>
<createdBy>jeiso</createdBy>
<createdTime>2025-09-15 16:53:30 UTC</createdTime>
<ownerDesignName>Clinicacompleto</ownerDesignName>
<importedID>2E97A491-295C-4E1C-9EE7-D380C1B55F21</importedID>
<allowColumnReorder>false</allowColumnReorder>
<existDependencyGenerateInDDl>true</existDependencyGenerateInDDl>
<parsed>true</parsed>
<columns itemClass="oracle.dbtools.crest.model.design.relational.Column">
<Column name="rut" id="A6262728-E6A1-03C5-E9F1-29C7002AECDF">
<sourceDDLFile>Clinica.sql</sourceDDLFile>
<createdBy>jeiso</createdBy>
<createdTime>2025-09-15 16:53:30 UTC</createdTime>
<ownerDesignName>Clinicacompleto</ownerDesignName>
<importedID>F5BD5EA8-8E1C-68A7-BFC6-3BBA2BDB25C4</importedID>
<use>0</use>
<logicalDatatype>LOGDT024</logicalDatatype>
<domain>E28E64AB-F613-7DF5-603D-98E686EA0A39</domain>
<ownDataTypeParameters>,,</ownDataTypeParameters>
<autoIncrementCycle>false</autoIncrementCycle>
<associations>
<colAssociation fkAssociation="23FEAE07-4919-6489-0EFB-D316A0039581" referredColumn="DAC0C935-C542-CC78-9A5F-99540FF6D95E"/>
</associations>
</Column>
<Column name="departamento" id="EF74C7E8-A022-F32D-644F-35CBEBE6CB74">
<sourceDDLFile>Clinica.sql</sourceDDLFile>
<createdBy>jeiso</createdBy>
<createdTime>2025-09-15 16:53:30 UTC</createdTime>
<ownerDesignName>Clinicacompleto</ownerDesignName>
<importedID>8DEF804E-0BCB-B794-7B32-22B8C54AFF11</importedID>
<use>0</use>
<logicalDatatype>LOGDT024</logicalDatatype>
<domain>EAE66029-AB97-6231-86C8-71E7EB8F6124</domain>
<ownDataTypeParameters>,,</ownDataTypeParameters>
<autoIncrementCycle>false</autoIncrementCycle>
</Column>
</columns>
<indexes itemClass="oracle.dbtools.crest.model.design.relational.Index">
<ind_PK_UK id="6B317868-A00E-6204-A166-D59CECDBE8A2" name="PACIENTE_FUNCIONARIO_PK">
<sourceDDLFile>Clinica.sql</sourceDDLFile>
<createdBy>jeiso</createdBy>
<createdTime>2025-09-15 16:53:30 UTC</createdTime>
<ownerDesignName>Clinicacompleto</ownerDesignName>
<importedID>B597D5D6-2E66-DBB6-730E-3DC39FCC61FF</importedID>
<pk>true</pk>
<indexState>Primary Constraint</indexState>
<isSurrogateKey>false</isSurrogateKey>
<indexColumnUsage>
<colUsage columnID="A6262728-E6A1-03C5-E9F1-29C7002AECDF"/>
</indexColumnUsage>
</ind_PK_UK>
<ind_PK_UK id="E90E5DF8-2886-05CA-A9A3-13F9A8422F5F" name="fk_pac_fun">
<createdBy>jeiso</createdBy>
<createdTime>2025-09-15 16:53:30 UTC</createdTime>
<ownerDesignName>Clinicacompleto</ownerDesignName>
<indexState>Foreign Key</indexState>
<isSurrogateKey>false</isSurrogateKey>
<indexColumnUsage>
<colUsage columnID="A6262728-E6A1-03C5-E9F1-29C7002AECDF"/>
</indexColumnUsage>
</ind_PK_UK>
</indexes>
</Table>