<?xml version = '1.0' encoding = 'UTF-8'?>
<relationalModel class="oracle.dbtools.crest.model.design.relational.RelationalDesign" name="Relational_1" id="49468670-24B1-051F-4D53-00F6142D1F60" mainViewID="36D1C7DA-E864-1E6C-CF3A-5CC1CBE7E63B">
<createdBy>jeiso</createdBy>
<createdTime>2025-09-15 16:52:58 UTC</createdTime>
<ownerDesignName>Clinicacompleto</ownerDesignName>
<shouldBeOpen>false</shouldBeOpen>
<selectedRDBMSSite>3FD120B5-9F4E-6278-D5E2-746D192C8319</selectedRDBMSSite>
<importDDLFileStamps>
<importDDLFileStamp class="oracle.dbtools.crest.imports.DDLFileStamp">
<fileName>Clinica.sql</fileName>
<pathName>C:\Users\jeiso\Documents</pathName>
<dbType>11</dbType>
</importDDLFileStamp>
</importDDLFileStamps>
</relationalModel>