<?xml version = '1.0' encoding = 'UTF-8'?>
<FKIndexAssociation class="oracle.dbtools.crest.model.design.relational.FKIndexAssociation" directorySegmentName="seg_0" id="0054F5D4-F3DB-B13F-BDAC-40CCD4F54C7F" containerWithKeyObject="25DDD344-AF5D-5553-6265-107FAB7BA6E1" localFKIndex="A4702BBC-127B-1498-0809-74953A5E2C1F" name="fk_paciente_comuna">
<sourceDDLFile>Clinica.sql</sourceDDLFile>
<createdBy>jeiso</createdBy>
<createdTime>2025-09-15 16:53:30 UTC</createdTime>
<ownerDesignName>Clinicacompleto</ownerDesignName>
<importedID>A6467B93-E49D-A97C-21A6-6FE4F735DE44</importedID>
<referredTableLongName>COMUNA</referredTableLongName>
<deleteRule>NO ACTION</deleteRule>
<referredTableID>5CE5AE9C-A8EE-E941-5C05-5CEE3EAEDDB0</referredTableID>
<keyObject>F25F8513-A695-1CBC-4D81-C50E59803E7E</keyObject>
<referredKeyID>F25F8513-A695-1CBC-4D81-C50E59803E7E</referredKeyID>
<mandatory>true</mandatory>
<refColNames>id_comuna</refColNames>
<transferable>true</transferable>
<rely>false</rely>
<columnDependencyConstraintGenerateInDDL>true</columnDependencyConstraintGenerateInDDL>
</FKIndexAssociation>