<?xml version = '1.0' encoding = 'UTF-8'?>
<FKIndexAssociation class="oracle.dbtools.crest.model.design.relational.FKIndexAssociation" directorySegmentName="seg_0" id="0E1C9856-E81F-152C-BB2A-DB2AA33C1955" containerWithKeyObject="96E219C8-71E0-C230-75FB-A1F26F4288C3" localFKIndex="EE9C84C9-B530-1F33-A73B-C9391633AB08" name="fk_medico_afp">
<sourceDDLFile>Clinica.sql</sourceDDLFile>
<createdBy>jeiso</createdBy>
<createdTime>2025-09-15 16:53:30 UTC</createdTime>
<ownerDesignName>Clinicacompleto</ownerDesignName>
<importedID>E69D8E62-5843-3416-504A-4A5B544BD096</importedID>
<referredTableLongName>AFP</referredTableLongName>
<deleteRule>NO ACTION</deleteRule>
<referredTableID>7EA7BE06-489B-7FDF-22A0-CC3E799338AC</referredTableID>
<keyObject>0A0E777D-EF47-8F92-1791-AD209931FD6E</keyObject>
<referredKeyID>0A0E777D-EF47-8F92-1791-AD209931FD6E</referredKeyID>
<mandatory>true</mandatory>
<refColNames>codigo</refColNames>
<transferable>true</transferable>
<rely>false</rely>
<columnDependencyConstraintGenerateInDDL>true</columnDependencyConstraintGenerateInDDL>
</FKIndexAssociation>