<?xml version = '1.0' encoding = 'UTF-8'?>
<FKIndexAssociation class="oracle.dbtools.crest.model.design.relational.FKIndexAssociation" directorySegmentName="seg_0" id="1F812270-4DB7-E49F-DE81-0E3FB8F9A62C" containerWithKeyObject="08C99935-0A43-E090-920A-11A31D45FEDD" localFKIndex="C751AA8A-47B9-6FD9-50A6-22196854476A" name="fk_solicitud_examen">
<sourceDDLFile>Clinica.sql</sourceDDLFile>
<createdBy>jeiso</createdBy>
<createdTime>2025-09-15 16:53:30 UTC</createdTime>
<ownerDesignName>Clinicacompleto</ownerDesignName>
<importedID>850760D2-E6F2-0D46-9FDC-8E10FD0868EA</importedID>
<referredTableLongName>EXAMEN_LABORATORIO</referredTableLongName>
<deleteRule>NO ACTION</deleteRule>
<referredTableID>51C8620A-9B06-CDBA-8B7D-5A87AB7F7E7D</referredTableID>
<keyObject>3C8DB1AA-B891-E31A-812B-0CB14C116422</keyObject>
<referredKeyID>3C8DB1AA-B891-E31A-812B-0CB14C116422</referredKeyID>
<mandatory>true</mandatory>
<refColNames>codigo_examen</refColNames>
<transferable>true</transferable>
<rely>false</rely>
<columnDependencyConstraintGenerateInDDL>true</columnDependencyConstraintGenerateInDDL>
</FKIndexAssociation>