<?xml version = '1.0' encoding = 'UTF-8'?>
<FKIndexAssociation class="oracle.dbtools.crest.model.design.relational.FKIndexAssociation" directorySegmentName="seg_0" id="23FEAE07-4919-6489-0EFB-D316A0039581" containerWithKeyObject="DEF88A22-0F67-0D55-824F-C9C69B973324" localFKIndex="E90E5DF8-2886-05CA-A9A3-13F9A8422F5F" name="fk_pac_fun">
<sourceDDLFile>Clinica.sql</sourceDDLFile>
<createdBy>jeiso</createdBy>
<createdTime>2025-09-15 16:53:30 UTC</createdTime>
<ownerDesignName>Clinicacompleto</ownerDesignName>
<importedID>15918742-06BE-6C14-1FB4-4581AAF3711F</importedID>
<referredTableLongName>PACIENTE</referredTableLongName>
<deleteRule>CASCADE</deleteRule>
<referredTableID>25DDD344-AF5D-5553-6265-107FAB7BA6E1</referredTableID>
<keyObject>55E924ED-BF3A-2ECE-3F89-B4D1094EB052</keyObject>
<referredKeyID>55E924ED-BF3A-2ECE-3F89-B4D1094EB052</referredKeyID>
<mandatory>true</mandatory>
<refColNames>rut</refColNames>
<transferable>true</transferable>
<rely>false</rely>
<columnDependencyConstraintGenerateInDDL>true</columnDependencyConstraintGenerateInDDL>
</FKIndexAssociation>