<?xml version = '1.0' encoding = 'UTF-8'?>
<FKIndexAssociation class="oracle.dbtools.crest.model.design.relational.FKIndexAssociation" directorySegmentName="seg_0" id="399288F4-83EC-02C7-1AF1-E9C9373BFB10" containerWithKeyObject="96E219C8-71E0-C230-75FB-A1F26F4288C3" localFKIndex="038F82F6-1BF7-C420-F8EE-3885DFF117BC" name="fk_medico_salud">
<sourceDDLFile>Clinica.sql</sourceDDLFile>
<createdBy>jeiso</createdBy>
<createdTime>2025-09-15 16:53:30 UTC</createdTime>
<ownerDesignName>Clinicacompleto</ownerDesignName>
<importedID>8C9E213F-E4C9-66FE-C36C-E63C084647BD</importedID>
<referredTableLongName>INSTITUCION_SALUD</referredTableLongName>
<deleteRule>NO ACTION</deleteRule>
<referredTableID>3FD3E038-ACCF-7E7C-52BE-04D4C1C60E5D</referredTableID>
<keyObject>B0516E5C-631F-927E-41FB-DB980DC09BD6</keyObject>
<referredKeyID>B0516E5C-631F-927E-41FB-DB980DC09BD6</referredKeyID>
<mandatory>true</mandatory>
<refColNames>codigo</refColNames>
<transferable>true</transferable>
<rely>false</rely>
<columnDependencyConstraintGenerateInDDL>true</columnDependencyConstraintGenerateInDDL>
</FKIndexAssociation>