<?xml version = '1.0' encoding = 'UTF-8'?>
<FKIndexAssociation class="oracle.dbtools.crest.model.design.relational.FKIndexAssociation" directorySegmentName="seg_0" id="3B418D41-5393-FE4A-0794-5C26EEFA3CC6" containerWithKeyObject="7EB0BECE-5502-6744-070F-857630208120" localFKIndex="DECD5E16-49C0-A664-2FCA-F1ACA22C82C7" name="fk_atencion_medico">
<sourceDDLFile>Clinica.sql</sourceDDLFile>
<createdBy>jeiso</createdBy>
<createdTime>2025-09-15 16:53:30 UTC</createdTime>
<ownerDesignName>Clinicacompleto</ownerDesignName>
<importedID>C835123C-F110-698A-60CC-6B4693AC105E</importedID>
<referredTableLongName>MEDICO</referredTableLongName>
<deleteRule>NO ACTION</deleteRule>
<referredTableID>96E219C8-71E0-C230-75FB-A1F26F4288C3</referredTableID>
<keyObject>F5A24EB3-7A7A-FE70-DD73-8D16E0948B28</keyObject>
<referredKeyID>F5A24EB3-7A7A-FE70-DD73-8D16E0948B28</referredKeyID>
<mandatory>true</mandatory>
<refColNames>rut</refColNames>
<transferable>true</transferable>
<rely>false</rely>
<columnDependencyConstraintGenerateInDDL>true</columnDependencyConstraintGenerateInDDL>
</FKIndexAssociation>