<?xml version = '1.0' encoding = 'UTF-8'?>
<FKIndexAssociation class="oracle.dbtools.crest.model.design.relational.FKIndexAssociation" directorySegmentName="seg_0" id="4C35D838-4BFF-1067-AFCF-BA3E7EF16684" containerWithKeyObject="96E219C8-71E0-C230-75FB-A1F26F4288C3" localFKIndex="5A43AEBE-2967-DD68-DCD1-AE421C09152F" name="fk_medico_especialidad">
<sourceDDLFile>Clinica.sql</sourceDDLFile>
<createdBy>jeiso</createdBy>
<createdTime>2025-09-15 16:53:30 UTC</createdTime>
<ownerDesignName>Clinicacompleto</ownerDesignName>
<importedID>F294010B-B128-8A70-5AA0-22CE2C096A57</importedID>
<referredTableLongName>ESPECIALIDAD</referredTableLongName>
<deleteRule>NO ACTION</deleteRule>
<referredTableID>27D1A297-1553-B2F3-6894-BFE4EA35118A</referredTableID>
<keyObject>0811520E-BF66-FDD7-EEC2-9B98D9481E17</keyObject>
<referredKeyID>0811520E-BF66-FDD7-EEC2-9B98D9481E17</referredKeyID>
<mandatory>true</mandatory>
<refColNames>id_especialidad</refColNames>
<transferable>true</transferable>
<rely>false</rely>
<columnDependencyConstraintGenerateInDDL>true</columnDependencyConstraintGenerateInDDL>
</FKIndexAssociation>