<?xml version = '1.0' encoding = 'UTF-8'?>
<FKIndexAssociation class="oracle.dbtools.crest.model.design.relational.FKIndexAssociation" directorySegmentName="seg_0" id="56BB283B-C5B2-6C80-CDC0-D3CB33FC5CF9" containerWithKeyObject="1E0F0194-AE62-B93D-7CBD-47F971ADA5A1" localFKIndex="B0958478-98DF-FB5E-BD9B-EFD38AE678F2" name="fk_supervisado">
<sourceDDLFile>Clinica.sql</sourceDDLFile>
<createdBy>jeiso</createdBy>
<createdTime>2025-09-15 16:53:30 UTC</createdTime>
<ownerDesignName>Clinicacompleto</ownerDesignName>
<importedID>9D625967-C2D6-69FA-6DB0-69CEB3DEBEAF</importedID>
<referredTableLongName>MEDICO</referredTableLongName>
<deleteRule>NO ACTION</deleteRule>
<referredTableID>96E219C8-71E0-C230-75FB-A1F26F4288C3</referredTableID>
<keyObject>F5A24EB3-7A7A-FE70-DD73-8D16E0948B28</keyObject>
<referredKeyID>F5A24EB3-7A7A-FE70-DD73-8D16E0948B28</referredKeyID>
<mandatory>true</mandatory>
<refColNames>rut</refColNames>
<transferable>true</transferable>
<rely>false</rely>
<columnDependencyConstraintGenerateInDDL>true</columnDependencyConstraintGenerateInDDL>
</FKIndexAssociation>