<?xml version = '1.0' encoding = 'UTF-8'?>
<FKIndexAssociation class="oracle.dbtools.crest.model.design.relational.FKIndexAssociation" directorySegmentName="seg_0" id="5D0574AF-4649-298F-57C9-6D80C73C8548" containerWithKeyObject="3A6AD97A-2320-AD7E-08C3-71F8C60FFB9C" localFKIndex="1E11A013-2370-BB88-73F3-94177C214D39" name="fk_pac_est">
<sourceDDLFile>Clinica.sql</sourceDDLFile>
<createdBy>jeiso</createdBy>
<createdTime>2025-09-15 16:53:30 UTC</createdTime>
<ownerDesignName>Clinicacompleto</ownerDesignName>
<importedID>2E473128-5A18-3669-0E77-E948DC3B4225</importedID>
<referredTableLongName>PACIENTE</referredTableLongName>
<deleteRule>CASCADE</deleteRule>
<referredTableID>25DDD344-AF5D-5553-6265-107FAB7BA6E1</referredTableID>
<keyObject>55E924ED-BF3A-2ECE-3F89-B4D1094EB052</keyObject>
<referredKeyID>55E924ED-BF3A-2ECE-3F89-B4D1094EB052</referredKeyID>
<mandatory>true</mandatory>
<refColNames>rut</refColNames>
<transferable>true</transferable>
<rely>false</rely>
<columnDependencyConstraintGenerateInDDL>true</columnDependencyConstraintGenerateInDDL>
</FKIndexAssociation>