<?xml version = '1.0' encoding = 'UTF-8'?>
<FKIndexAssociation class="oracle.dbtools.crest.model.design.relational.FKIndexAssociation" directorySegmentName="seg_0" id="75E2E417-7B16-8440-675B-ECB0DD0EC3D4" containerWithKeyObject="7EB0BECE-5502-6744-070F-857630208120" localFKIndex="6AC9DB5F-1391-4B31-0CCD-C15DA2260455" name="fk_atencion_paciente">
<sourceDDLFile>Clinica.sql</sourceDDLFile>
<createdBy>jeiso</createdBy>
<createdTime>2025-09-15 16:53:30 UTC</createdTime>
<ownerDesignName>Clinicacompleto</ownerDesignName>
<importedID>9AAE116F-DB09-056B-7318-D4764FAEC379</importedID>
<referredTableLongName>PACIENTE</referredTableLongName>
<deleteRule>NO ACTION</deleteRule>
<referredTableID>25DDD344-AF5D-5553-6265-107FAB7BA6E1</referredTableID>
<keyObject>55E924ED-BF3A-2ECE-3F89-B4D1094EB052</keyObject>
<referredKeyID>55E924ED-BF3A-2ECE-3F89-B4D1094EB052</referredKeyID>
<mandatory>true</mandatory>
<refColNames>rut</refColNames>
<transferable>true</transferable>
<rely>false</rely>
<columnDependencyConstraintGenerateInDDL>true</columnDependencyConstraintGenerateInDDL>
</FKIndexAssociation>