<?xml version = '1.0' encoding = 'UTF-8'?>
<FKIndexAssociation class="oracle.dbtools.crest.model.design.relational.FKIndexAssociation" directorySegmentName="seg_0" id="A1DC5B47-F1F8-C5BE-C262-BAF3C4B6E9CD" containerWithKeyObject="5CE5AE9C-A8EE-E941-5C05-5CEE3EAEDDB0" localFKIndex="3FBB6285-E1F0-4002-6C47-CA58E70C146D" name="fk_comuna_region">
<sourceDDLFile>Clinica.sql</sourceDDLFile>
<createdBy>jeiso</createdBy>
<createdTime>2025-09-15 16:53:30 UTC</createdTime>
<ownerDesignName>Clinicacompleto</ownerDesignName>
<importedID>1F1E0F88-61B9-9E85-86DD-EB10F50610D1</importedID>
<referredTableLongName>REGION</referredTableLongName>
<deleteRule>NO ACTION</deleteRule>
<referredTableID>992780B0-73DA-95D0-AD56-55532AC885FE</referredTableID>
<keyObject>AFDE1CCA-EC76-40E9-46CF-530B6615E976</keyObject>
<referredKeyID>AFDE1CCA-EC76-40E9-46CF-530B6615E976</referredKeyID>
<mandatory>true</mandatory>
<refColNames>id_region</refColNames>
<transferable>true</transferable>
<rely>false</rely>
<columnDependencyConstraintGenerateInDDL>true</columnDependencyConstraintGenerateInDDL>
</FKIndexAssociation>