<?xml version = '1.0' encoding = 'UTF-8'?>
<FKIndexAssociation class="oracle.dbtools.crest.model.design.relational.FKIndexAssociation" directorySegmentName="seg_0" id="A1E2EB3D-A948-873A-9D63-3655F79677FD" containerWithKeyObject="08C99935-0A43-E090-920A-11A31D45FEDD" localFKIndex="88CF63B2-3B03-A39F-1598-E84886D7AD03" name="fk_solicitud_medico">
<sourceDDLFile>Clinica.sql</sourceDDLFile>
<createdBy>jeiso</createdBy>
<createdTime>2025-09-15 16:53:30 UTC</createdTime>
<ownerDesignName>Clinicacompleto</ownerDesignName>
<importedID>F5ACFEA7-CAEB-3AF2-78AA-E6673D00141E</importedID>
<referredTableLongName>MEDICO</referredTableLongName>
<deleteRule>NO ACTION</deleteRule>
<referredTableID>96E219C8-71E0-C230-75FB-A1F26F4288C3</referredTableID>
<keyObject>F5A24EB3-7A7A-FE70-DD73-8D16E0948B28</keyObject>
<referredKeyID>F5A24EB3-7A7A-FE70-DD73-8D16E0948B28</referredKeyID>
<mandatory>true</mandatory>
<refColNames>rut</refColNames>
<transferable>true</transferable>
<rely>false</rely>
<columnDependencyConstraintGenerateInDDL>true</columnDependencyConstraintGenerateInDDL>
</FKIndexAssociation>