<?xml version = '1.0' encoding = 'UTF-8'?>
<FKIndexAssociation class="oracle.dbtools.crest.model.design.relational.FKIndexAssociation" directorySegmentName="seg_0" id="A34AE1C9-8394-997C-7F62-8962CC03BB0C" containerWithKeyObject="08C99935-0A43-E090-920A-11A31D45FEDD" localFKIndex="FDC18E4F-9309-8DE7-393F-8E67F8FFE953" name="fk_solicitud_paciente">
<sourceDDLFile>Clinica.sql</sourceDDLFile>
<createdBy>jeiso</createdBy>
<createdTime>2025-09-15 16:53:30 UTC</createdTime>
<ownerDesignName>Clinicacompleto</ownerDesignName>
<importedID>9E6754C2-E4E5-A39F-6F41-C0C677F2158F</importedID>
<referredTableLongName>PACIENTE</referredTableLongName>
<deleteRule>NO ACTION</deleteRule>
<referredTableID>25DDD344-AF5D-5553-6265-107FAB7BA6E1</referredTableID>
<keyObject>55E924ED-BF3A-2ECE-3F89-B4D1094EB052</keyObject>
<referredKeyID>55E924ED-BF3A-2ECE-3F89-B4D1094EB052</referredKeyID>
<mandatory>true</mandatory>
<refColNames>rut</refColNames>
<transferable>true</transferable>
<rely>false</rely>
<columnDependencyConstraintGenerateInDDL>true</columnDependencyConstraintGenerateInDDL>
</FKIndexAssociation>