<?xml version = '1.0' encoding = 'UTF-8'?>
<FKIndexAssociation class="oracle.dbtools.crest.model.design.relational.FKIndexAssociation" directorySegmentName="seg_0" id="ACD9D852-E5EE-FEB5-F014-98A6AA54BDB0" containerWithKeyObject="9DB5EF4A-7F4F-9DAF-0765-DAE002B0559E" localFKIndex="FFB71353-5048-CD83-9D6E-E958069248B1" name="fk_pago_atencion">
<sourceDDLFile>Clinica.sql</sourceDDLFile>
<createdBy>jeiso</createdBy>
<createdTime>2025-09-15 16:53:30 UTC</createdTime>
<ownerDesignName>Clinicacompleto</ownerDesignName>
<importedID>64B41A14-5156-0CC5-9C6F-62067ED87B3E</importedID>
<referredTableLongName>ATENCION_MEDICA</referredTableLongName>
<deleteRule>NO ACTION</deleteRule>
<referredTableID>7EB0BECE-5502-6744-070F-857630208120</referredTableID>
<keyObject>808E6056-FD21-520A-2D87-AE05E53A6648</keyObject>
<referredKeyID>808E6056-FD21-520A-2D87-AE05E53A6648</referredKeyID>
<mandatory>true</mandatory>
<refColNames>id_atencion</refColNames>
<transferable>true</transferable>
<rely>false</rely>
<columnDependencyConstraintGenerateInDDL>true</columnDependencyConstraintGenerateInDDL>
</FKIndexAssociation>