<?xml version = '1.0' encoding = 'UTF-8'?>
<FKIndexAssociation class="oracle.dbtools.crest.model.design.relational.FKIndexAssociation" directorySegmentName="seg_0" id="D21CEA1B-5937-B033-6525-923E89770F36" containerWithKeyObject="9DB5EF4A-7F4F-9DAF-0765-DAE002B0559E" localFKIndex="774785ED-69B6-279F-70A1-C4BCF1924B27" name="fk_pago_tipo">
<sourceDDLFile>Clinica.sql</sourceDDLFile>
<createdBy>jeiso</createdBy>
<createdTime>2025-09-15 16:53:30 UTC</createdTime>
<ownerDesignName>Clinicacompleto</ownerDesignName>
<importedID>55B4680C-940A-0DEB-58D5-4B6EBBBB958A</importedID>
<referredTableLongName>TIPO_PAGO</referredTableLongName>
<deleteRule>NO ACTION</deleteRule>
<referredTableID>B595237F-5CF7-263F-690F-85312D5E966A</referredTableID>
<keyObject>5EC3A8BD-C015-9384-800B-F71C6AD56EF0</keyObject>
<referredKeyID>5EC3A8BD-C015-9384-800B-F71C6AD56EF0</referredKeyID>
<mandatory>true</mandatory>
<refColNames>id_tipo</refColNames>
<transferable>true</transferable>
<rely>false</rely>
<columnDependencyConstraintGenerateInDDL>true</columnDependencyConstraintGenerateInDDL>
</FKIndexAssociation>