<?xml version = '1.0' encoding = 'UTF-8'?>
<FKIndexAssociation class="oracle.dbtools.crest.model.design.relational.FKIndexAssociation" directorySegmentName="seg_0" id="DB2A3913-4FE5-5669-D027-0971E3C86CA4" containerWithKeyObject="A3D3E418-1593-8349-AD0B-7FF3C553CD8B" localFKIndex="51A22471-DA10-FAA5-9B9D-DA8C93DD429D" name="fk_pac_ext">
<sourceDDLFile>Clinica.sql</sourceDDLFile>
<createdBy>jeiso</createdBy>
<createdTime>2025-09-15 16:53:30 UTC</createdTime>
<ownerDesignName>Clinicacompleto</ownerDesignName>
<importedID>5A7DCC7B-DE36-256A-282F-3F440D1DECD4</importedID>
<referredTableLongName>PACIENTE</referredTableLongName>
<deleteRule>CASCADE</deleteRule>
<referredTableID>25DDD344-AF5D-5553-6265-107FAB7BA6E1</referredTableID>
<keyObject>55E924ED-BF3A-2ECE-3F89-B4D1094EB052</keyObject>
<referredKeyID>55E924ED-BF3A-2ECE-3F89-B4D1094EB052</referredKeyID>
<mandatory>true</mandatory>
<refColNames>rut</refColNames>
<transferable>true</transferable>
<rely>false</rely>
<columnDependencyConstraintGenerateInDDL>true</columnDependencyConstraintGenerateInDDL>
</FKIndexAssociation>