<?xml version = '1.0' encoding = 'UTF-8'?>
<FKIndexAssociation class="oracle.dbtools.crest.model.design.relational.FKIndexAssociation" directorySegmentName="seg_0" id="DFEE1C39-3C69-52B8-52DF-4A04C19A4A4F" containerWithKeyObject="1E0F0194-AE62-B93D-7CBD-47F971ADA5A1" localFKIndex="D2EF314D-B810-434A-6C9C-A239FC6E4D88" name="fk_supervisor">
<sourceDDLFile>Clinica.sql</sourceDDLFile>
<createdBy>jeiso</createdBy>
<createdTime>2025-09-15 16:53:30 UTC</createdTime>
<ownerDesignName>Clinicacompleto</ownerDesignName>
<importedID>DB482C1E-0BF7-CDC1-8C98-B08BD2026B8D</importedID>
<referredTableLongName>MEDICO</referredTableLongName>
<deleteRule>NO ACTION</deleteRule>
<referredTableID>96E219C8-71E0-C230-75FB-A1F26F4288C3</referredTableID>
<keyObject>F5A24EB3-7A7A-FE70-DD73-8D16E0948B28</keyObject>
<referredKeyID>F5A24EB3-7A7A-FE70-DD73-8D16E0948B28</referredKeyID>
<mandatory>true</mandatory>
<refColNames>rut</refColNames>
<transferable>true</transferable>
<rely>false</rely>
<columnDependencyConstraintGenerateInDDL>true</columnDependencyConstraintGenerateInDDL>
</FKIndexAssociation>