<?xml version = '1.0' encoding = 'UTF-8'?>
<FKIndexAssociation class="oracle.dbtools.crest.model.design.relational.FKIndexAssociation" directorySegmentName="seg_0" id="F8303848-CF12-A05F-8A3C-FCA5C3115AF3" containerWithKeyObject="7EB0BECE-5502-6744-070F-857630208120" localFKIndex="1EE8C27A-2BBA-BAB2-AF64-1EDD576FF712" name="fk_atencion_tipo">
<sourceDDLFile>Clinica.sql</sourceDDLFile>
<createdBy>jeiso</createdBy>
<createdTime>2025-09-15 16:53:30 UTC</createdTime>
<ownerDesignName>Clinicacompleto</ownerDesignName>
<importedID>BE1E1C53-1486-D28C-E472-8DECDF4DA368</importedID>
<referredTableLongName>TIPO_ATENCION</referredTableLongName>
<deleteRule>NO ACTION</deleteRule>
<referredTableID>3364D54C-C9D1-5634-441F-0993BB99B6F1</referredTableID>
<keyObject>0465AC8E-19BE-A6BE-0E92-27725867E50F</keyObject>
<referredKeyID>0465AC8E-19BE-A6BE-0E92-27725867E50F</referredKeyID>
<mandatory>true</mandatory>
<refColNames>id_tipo</refColNames>
<transferable>true</transferable>
<rely>false</rely>
<columnDependencyConstraintGenerateInDDL>true</columnDependencyConstraintGenerateInDDL>
</FKIndexAssociation>