<?xml version = '1.0' encoding = 'UTF-8'?>
<Relation class="oracle.dbtools.crest.model.design.logical.Relation" name="fk_pago_atencion" directorySegmentName="seg_0" id="03C2AEFC-8F35-4F02-6782-5282CD63BC26">
<createdBy>jeiso</createdBy>
<createdTime>2025-09-15 16:53:36 UTC</createdTime>
<generatorID>ACD9D852-E5EE-FEB5-F014-98A6AA54BDB0</generatorID>
<ownerDesignName>Clinicacompleto</ownerDesignName>
<engineerTo>
<item key="49468670-24B1-051F-4D53-00F6142D1F60" value="true"/>
</engineerTo>
<sourcePk>5276474A-083C-0662-5885-740878F98736</sourcePk>
<dominantRole>A20F5615-45E9-5C88-C913-642745EB11BF</dominantRole>
<identifying>false</identifying>
<optionalSource>true</optionalSource>
<optionalTarget>false</optionalTarget>
<sourceCardinality>1</sourceCardinality>
<sourceEntity>A20F5615-45E9-5C88-C913-642745EB11BF</sourceEntity>
<targetCardinalityString>1</targetCardinalityString>
<targetEntity>8E439189-4847-BCF9-B442-402E572C0347</targetEntity>
<transferable>true</transferable>
<deleteRule>NO ACTION</deleteRule>
</Relation>