<?xml version = '1.0' encoding = 'UTF-8'?>
<Relation class="oracle.dbtools.crest.model.design.logical.Relation" name="fk_medico_afp" directorySegmentName="seg_0" id="22D2BCE4-3F11-3236-C5F6-33BF766A5718">
<createdBy>jeiso</createdBy>
<createdTime>2025-09-15 16:53:36 UTC</createdTime>
<generatorID>0E1C9856-E81F-152C-BB2A-DB2AA33C1955</generatorID>
<ownerDesignName>Clinicacompleto</ownerDesignName>
<engineerTo>
<item key="49468670-24B1-051F-4D53-00F6142D1F60" value="true"/>
</engineerTo>
<sourcePk>A475825E-F7CB-F4AB-48F6-F10A8F246BCB</sourcePk>
<identifying>false</identifying>
<optionalSource>true</optionalSource>
<optionalTarget>false</optionalTarget>
<sourceCardinality>1</sourceCardinality>
<sourceEntity>D3B16934-5F7C-9131-51B5-E74E6E374C67</sourceEntity>
<targetCardinalityString>*</targetCardinalityString>
<targetEntity>C39FDE48-6FF0-0A9B-ACFA-B6320A9FBCC2</targetEntity>
<transferable>true</transferable>
<deleteRule>NO ACTION</deleteRule>
</Relation>