<?xml version = '1.0' encoding = 'UTF-8'?>
<Relation class="oracle.dbtools.crest.model.design.logical.Relation" name="fk_solicitud_paciente" directorySegmentName="seg_0" id="26E77C0A-7797-86FD-4F59-DE0BAD471A35">
<createdBy>jeiso</createdBy>
<createdTime>2025-09-15 16:53:36 UTC</createdTime>
<generatorID>A34AE1C9-8394-997C-7F62-8962CC03BB0C</generatorID>
<ownerDesignName>Clinicacompleto</ownerDesignName>
<engineerTo>
<item key="49468670-24B1-051F-4D53-00F6142D1F60" value="true"/>
</engineerTo>
<sourcePk>3187218F-6880-3855-D32D-CCADE6DD09B4</sourcePk>
<identifying>false</identifying>
<optionalSource>true</optionalSource>
<optionalTarget>false</optionalTarget>
<sourceCardinality>1</sourceCardinality>
<sourceEntity>344ABEBE-540A-471A-05BE-1D5168DAA812</sourceEntity>
<targetCardinalityString>*</targetCardinalityString>
<targetEntity>CC855823-1686-E6A7-FB50-37FC207A8051</targetEntity>
<transferable>true</transferable>
<deleteRule>NO ACTION</deleteRule>
</Relation>