<?xml version = '1.0' encoding = 'UTF-8'?>
<Relation class="oracle.dbtools.crest.model.design.logical.Relation" name="fk_medico_salud" directorySegmentName="seg_0" id="30E6FEA0-48AE-71BF-0444-E222E1CE6C96">
<createdBy>jeiso</createdBy>
<createdTime>2025-09-15 16:53:36 UTC</createdTime>
<generatorID>399288F4-83EC-02C7-1AF1-E9C9373BFB10</generatorID>
<ownerDesignName>Clinicacompleto</ownerDesignName>
<engineerTo>
<item key="49468670-24B1-051F-4D53-00F6142D1F60" value="true"/>
</engineerTo>
<sourcePk>BB41DC7F-118E-17A7-440B-D0C62C14B703</sourcePk>
<identifying>false</identifying>
<optionalSource>true</optionalSource>
<optionalTarget>false</optionalTarget>
<sourceCardinality>1</sourceCardinality>
<sourceEntity>7DC416CE-3630-A520-5DD0-4596A1655560</sourceEntity>
<targetCardinalityString>*</targetCardinalityString>
<targetEntity>C39FDE48-6FF0-0A9B-ACFA-B6320A9FBCC2</targetEntity>
<transferable>true</transferable>
<deleteRule>NO ACTION</deleteRule>
</Relation>