<?xml version = '1.0' encoding = 'UTF-8'?>
<Relation class="oracle.dbtools.crest.model.design.logical.Relation" name="fk_atencion_medico" directorySegmentName="seg_0" id="36E7FEF9-D3D9-B963-5710-1E6C528FC620">
<createdBy>jeiso</createdBy>
<createdTime>2025-09-15 16:53:36 UTC</createdTime>
<generatorID>3B418D41-5393-FE4A-0794-5C26EEFA3CC6</generatorID>
<ownerDesignName>Clinicacompleto</ownerDesignName>
<engineerTo>
<item key="49468670-24B1-051F-4D53-00F6142D1F60" value="true"/>
</engineerTo>
<sourcePk>954A5932-9B73-EA99-9878-3D0478818B61</sourcePk>
<identifying>false</identifying>
<optionalSource>true</optionalSource>
<optionalTarget>false</optionalTarget>
<sourceCardinality>1</sourceCardinality>
<sourceEntity>C39FDE48-6FF0-0A9B-ACFA-B6320A9FBCC2</sourceEntity>
<targetCardinalityString>*</targetCardinalityString>
<targetEntity>A20F5615-45E9-5C88-C913-642745EB11BF</targetEntity>
<transferable>true</transferable>
<deleteRule>NO ACTION</deleteRule>
</Relation>