<?xml version = '1.0' encoding = 'UTF-8'?>
<Relation class="oracle.dbtools.crest.model.design.logical.Relation" name="fk_solicitud_medico" directorySegmentName="seg_0" id="4A54653E-9C4F-B0E2-E0E8-EE645735F010">
<createdBy>jeiso</createdBy>
<createdTime>2025-09-15 16:53:36 UTC</createdTime>
<generatorID>A1E2EB3D-A948-873A-9D63-3655F79677FD</generatorID>
<ownerDesignName>Clinicacompleto</ownerDesignName>
<engineerTo>
<item key="49468670-24B1-051F-4D53-00F6142D1F60" value="true"/>
</engineerTo>
<sourcePk>954A5932-9B73-EA99-9878-3D0478818B61</sourcePk>
<identifying>false</identifying>
<optionalSource>true</optionalSource>
<optionalTarget>false</optionalTarget>
<sourceCardinality>1</sourceCardinality>
<sourceEntity>C39FDE48-6FF0-0A9B-ACFA-B6320A9FBCC2</sourceEntity>
<targetCardinalityString>*</targetCardinalityString>
<targetEntity>CC855823-1686-E6A7-FB50-37FC207A8051</targetEntity>
<transferable>true</transferable>
<deleteRule>NO ACTION</deleteRule>
</Relation>