<?xml version = '1.0' encoding = 'UTF-8'?>
<Relation class="oracle.dbtools.crest.model.design.logical.Relation" name="fk_pago_tipo" directorySegmentName="seg_0" id="50D5955F-CDF3-E883-9895-EF23021681E2">
<createdBy>jeiso</createdBy>
<createdTime>2025-09-15 16:53:36 UTC</createdTime>
<generatorID>D21CEA1B-5937-B033-6525-923E89770F36</generatorID>
<ownerDesignName>Clinicacompleto</ownerDesignName>
<engineerTo>
<item key="49468670-24B1-051F-4D53-00F6142D1F60" value="true"/>
</engineerTo>
<sourcePk>636E8125-A307-FB86-DC8D-F06F2AB1D71F</sourcePk>
<identifying>false</identifying>
<optionalSource>true</optionalSource>
<optionalTarget>false</optionalTarget>
<sourceCardinality>1</sourceCardinality>
<sourceEntity>A15F0D92-F689-147D-7810-3C84930D95D0</sourceEntity>
<targetCardinalityString>*</targetCardinalityString>
<targetEntity>8E439189-4847-BCF9-B442-402E572C0347</targetEntity>
<transferable>true</transferable>
<deleteRule>NO ACTION</deleteRule>
</Relation>