<?xml version = '1.0' encoding = 'UTF-8'?>
<Relation class="oracle.dbtools.crest.model.design.logical.Relation" name="fk_solicitud_examen" directorySegmentName="seg_0" id="5501C84C-194E-6397-5965-28EC93F48C47">
<createdBy>jeiso</createdBy>
<createdTime>2025-09-15 16:53:36 UTC</createdTime>
<generatorID>1F812270-4DB7-E49F-DE81-0E3FB8F9A62C</generatorID>
<ownerDesignName>Clinicacompleto</ownerDesignName>
<engineerTo>
<item key="49468670-24B1-051F-4D53-00F6142D1F60" value="true"/>
</engineerTo>
<sourcePk>4B92BF5A-CFD0-3535-6A7B-8AC6E919AD12</sourcePk>
<identifying>false</identifying>
<optionalSource>true</optionalSource>
<optionalTarget>false</optionalTarget>
<sourceCardinality>1</sourceCardinality>
<sourceEntity>F7C0C56E-10FB-86E2-C241-246C1AD7F939</sourceEntity>
<targetCardinalityString>*</targetCardinalityString>
<targetEntity>CC855823-1686-E6A7-FB50-37FC207A8051</targetEntity>
<transferable>true</transferable>
<deleteRule>NO ACTION</deleteRule>
</Relation>