<?xml version = '1.0' encoding = 'UTF-8'?>
<Relation class="oracle.dbtools.crest.model.design.logical.Relation" name="fk_supervisado" directorySegmentName="seg_0" id="6E090921-A295-F33E-2557-07BABA266363">
<createdBy>jeiso</createdBy>
<createdTime>2025-09-15 16:53:36 UTC</createdTime>
<generatorID>56BB283B-C5B2-6C80-CDC0-D3CB33FC5CF9</generatorID>
<ownerDesignName>Clinicacompleto</ownerDesignName>
<engineerTo>
<item key="49468670-24B1-051F-4D53-00F6142D1F60" value="true"/>
</engineerTo>
<sourcePk>954A5932-9B73-EA99-9878-3D0478818B61</sourcePk>
<identifying>false</identifying>
<optionalSource>true</optionalSource>
<optionalTarget>false</optionalTarget>
<sourceCardinality>1</sourceCardinality>
<sourceEntity>C39FDE48-6FF0-0A9B-ACFA-B6320A9FBCC2</sourceEntity>
<targetCardinalityString>*</targetCardinalityString>
<targetEntity>D80662A1-5B1A-9A04-7886-24F96941F709</targetEntity>
<transferable>true</transferable>
<deleteRule>NO ACTION</deleteRule>
</Relation>