<?xml version = '1.0' encoding = 'UTF-8'?>
<Relation class="oracle.dbtools.crest.model.design.logical.Relation" name="fk_pac_est" directorySegmentName="seg_0" id="7E638AFF-1E92-BCF3-8A4B-23FE8331EA1A">
<createdBy>jeiso</createdBy>
<createdTime>2025-09-15 16:53:36 UTC</createdTime>
<generatorID>5D0574AF-4649-298F-57C9-6D80C73C8548</generatorID>
<ownerDesignName>Clinicacompleto</ownerDesignName>
<engineerTo>
<item key="49468670-24B1-051F-4D53-00F6142D1F60" value="true"/>
</engineerTo>
<sourcePk>3187218F-6880-3855-D32D-CCADE6DD09B4</sourcePk>
<dominantRole>344ABEBE-540A-471A-05BE-1D5168DAA812</dominantRole>
<identifying>true</identifying>
<optionalSource>false</optionalSource>
<optionalTarget>false</optionalTarget>
<sourceCardinality>1</sourceCardinality>
<sourceEntity>344ABEBE-540A-471A-05BE-1D5168DAA812</sourceEntity>
<targetCardinalityString>1</targetCardinalityString>
<targetEntity>3186E115-28A1-1E97-855D-68D94EF3157F</targetEntity>
<transferable>true</transferable>
<deleteRule>CASCADE</deleteRule>
</Relation>