<?xml version = '1.0' encoding = 'UTF-8'?>
<Relation class="oracle.dbtools.crest.model.design.logical.Relation" name="fk_comuna_region" directorySegmentName="seg_0" id="A5729059-40D9-802D-AF19-1176ADE2619F">
<createdBy>jeiso</createdBy>
<createdTime>2025-09-15 16:53:36 UTC</createdTime>
<generatorID>A1DC5B47-F1F8-C5BE-C262-BAF3C4B6E9CD</generatorID>
<ownerDesignName>Clinicacompleto</ownerDesignName>
<engineerTo>
<item key="49468670-24B1-051F-4D53-00F6142D1F60" value="true"/>
</engineerTo>
<sourcePk>AEBC4281-7366-B1A1-71FF-343C1090D518</sourcePk>
<identifying>false</identifying>
<optionalSource>true</optionalSource>
<optionalTarget>false</optionalTarget>
<sourceCardinality>1</sourceCardinality>
<sourceEntity>72BF5D45-0884-E169-E9A2-B6EF8103470A</sourceEntity>
<targetCardinalityString>*</targetCardinalityString>
<targetEntity>ED247824-98A0-1FA5-E5C0-974ECEE68720</targetEntity>
<transferable>true</transferable>
<deleteRule>NO ACTION</deleteRule>
</Relation>