<?xml version = '1.0' encoding = 'UTF-8'?>
<Relation class="oracle.dbtools.crest.model.design.logical.Relation" name="fk_pac_ext" directorySegmentName="seg_0" id="BEE49C86-7C89-29B2-F1E3-5E7957F5240D">
<createdBy>jeiso</createdBy>
<createdTime>2025-09-15 16:53:36 UTC</createdTime>
<generatorID>DB2A3913-4FE5-5669-D027-0971E3C86CA4</generatorID>
<ownerDesignName>Clinicacompleto</ownerDesignName>
<engineerTo>
<item key="49468670-24B1-051F-4D53-00F6142D1F60" value="true"/>
</engineerTo>
<sourcePk>3187218F-6880-3855-D32D-CCADE6DD09B4</sourcePk>
<dominantRole>344ABEBE-540A-471A-05BE-1D5168DAA812</dominantRole>
<identifying>true</identifying>
<optionalSource>false</optionalSource>
<optionalTarget>false</optionalTarget>
<sourceCardinality>1</sourceCardinality>
<sourceEntity>344ABEBE-540A-471A-05BE-1D5168DAA812</sourceEntity>
<targetCardinalityString>1</targetCardinalityString>
<targetEntity>B5060CEA-FA63-A51A-54AF-6297624E5F15</targetEntity>
<transferable>true</transferable>
<deleteRule>CASCADE</deleteRule>
</Relation>