<?xml version = '1.0' encoding = 'UTF-8'?>
<Relation class="oracle.dbtools.crest.model.design.logical.Relation" name="fk_medico_especialidad" directorySegmentName="seg_0" id="C01044A3-018E-9B59-5574-BAEDF164E3AE">
<createdBy>jeiso</createdBy>
<createdTime>2025-09-15 16:53:36 UTC</createdTime>
<generatorID>4C35D838-4BFF-1067-AFCF-BA3E7EF16684</generatorID>
<ownerDesignName>Clinicacompleto</ownerDesignName>
<engineerTo>
<item key="49468670-24B1-051F-4D53-00F6142D1F60" value="true"/>
</engineerTo>
<sourcePk>AFDB3C05-2B07-FA4E-0B2F-44B2EDFFC22E</sourcePk>
<identifying>false</identifying>
<optionalSource>true</optionalSource>
<optionalTarget>false</optionalTarget>
<sourceCardinality>1</sourceCardinality>
<sourceEntity>946CFBA4-F2D8-6283-BE2B-CC324781F278</sourceEntity>
<targetCardinalityString>*</targetCardinalityString>
<targetEntity>C39FDE48-6FF0-0A9B-ACFA-B6320A9FBCC2</targetEntity>
<transferable>true</transferable>
<deleteRule>NO ACTION</deleteRule>
</Relation>