<?xml version = '1.0' encoding = 'UTF-8'?>
<Relation class="oracle.dbtools.crest.model.design.logical.Relation" name="fk_atencion_tipo" directorySegmentName="seg_0" id="C0B8D5B0-9AC3-6E3A-3B71-81D04867BE31">
<createdBy>jeiso</createdBy>
<createdTime>2025-09-15 16:53:36 UTC</createdTime>
<generatorID>F8303848-CF12-A05F-8A3C-FCA5C3115AF3</generatorID>
<ownerDesignName>Clinicacompleto</ownerDesignName>
<engineerTo>
<item key="49468670-24B1-051F-4D53-00F6142D1F60" value="true"/>
</engineerTo>
<sourcePk>0B0F8B88-E569-573B-ECFE-DCC64650E378</sourcePk>
<identifying>false</identifying>
<optionalSource>true</optionalSource>
<optionalTarget>false</optionalTarget>
<sourceCardinality>1</sourceCardinality>
<sourceEntity>3C096934-7A43-88CE-246E-924E64180ED9</sourceEntity>
<targetCardinalityString>*</targetCardinalityString>
<targetEntity>A20F5615-45E9-5C88-C913-642745EB11BF</targetEntity>
<transferable>true</transferable>
<deleteRule>NO ACTION</deleteRule>
</Relation>