<?xml version = '1.0' encoding = 'UTF-8'?>
<Relation class="oracle.dbtools.crest.model.design.logical.Relation" name="fk_pac_fun" directorySegmentName="seg_0" id="C6E8CC02-48B5-C02C-31C4-C96FA597D7F6">
<createdBy>jeiso</createdBy>
<createdTime>2025-09-15 16:53:36 UTC</createdTime>
<generatorID>23FEAE07-4919-6489-0EFB-D316A0039581</generatorID>
<ownerDesignName>Clinicacompleto</ownerDesignName>
<engineerTo>
<item key="49468670-24B1-051F-4D53-00F6142D1F60" value="true"/>
</engineerTo>
<sourcePk>3187218F-6880-3855-D32D-CCADE6DD09B4</sourcePk>
<dominantRole>344ABEBE-540A-471A-05BE-1D5168DAA812</dominantRole>
<identifying>true</identifying>
<optionalSource>false</optionalSource>
<optionalTarget>false</optionalTarget>
<sourceCardinality>1</sourceCardinality>
<sourceEntity>344ABEBE-540A-471A-05BE-1D5168DAA812</sourceEntity>
<targetCardinalityString>1</targetCardinalityString>
<targetEntity>E50C337C-C40A-9DF8-9F6A-C14E9115A5A6</targetEntity>
<transferable>true</transferable>
<deleteRule>CASCADE</deleteRule>
</Relation>