<?xml version = '1.0' encoding = 'UTF-8'?>
<Relation class="oracle.dbtools.crest.model.design.logical.Relation" name="fk_atencion_paciente" directorySegmentName="seg_0" id="D5E120BF-F41D-0D13-31D0-87DA0BED4491">
<createdBy>jeiso</createdBy>
<createdTime>2025-09-15 16:53:36 UTC</createdTime>
<generatorID>75E2E417-7B16-8440-675B-ECB0DD0EC3D4</generatorID>
<ownerDesignName>Clinicacompleto</ownerDesignName>
<engineerTo>
<item key="49468670-24B1-051F-4D53-00F6142D1F60" value="true"/>
</engineerTo>
<sourcePk>3187218F-6880-3855-D32D-CCADE6DD09B4</sourcePk>
<identifying>false</identifying>
<optionalSource>true</optionalSource>
<optionalTarget>false</optionalTarget>
<sourceCardinality>1</sourceCardinality>
<sourceEntity>344ABEBE-540A-471A-05BE-1D5168DAA812</sourceEntity>
<targetCardinalityString>*</targetCardinalityString>
<targetEntity>A20F5615-45E9-5C88-C913-642745EB11BF</targetEntity>
<transferable>true</transferable>
<deleteRule>NO ACTION</deleteRule>
</Relation>