<?xml version = '1.0' encoding = 'UTF-8'?>
<Relation class="oracle.dbtools.crest.model.design.logical.Relation" name="fk_paciente_comuna" directorySegmentName="seg_0" id="DA9DFB64-BFB1-875C-2EDF-386EE8DD5F98">
<createdBy>jeiso</createdBy>
<createdTime>2025-09-15 16:53:36 UTC</createdTime>
<generatorID>0054F5D4-F3DB-B13F-BDAC-40CCD4F54C7F</generatorID>
<ownerDesignName>Clinicacompleto</ownerDesignName>
<engineerTo>
<item key="49468670-24B1-051F-4D53-00F6142D1F60" value="true"/>
</engineerTo>
<sourcePk>FDF715C7-827F-575D-C5C2-A82DF3EE94E1</sourcePk>
<identifying>false</identifying>
<optionalSource>true</optionalSource>
<optionalTarget>false</optionalTarget>
<sourceCardinality>1</sourceCardinality>
<sourceEntity>ED247824-98A0-1FA5-E5C0-974ECEE68720</sourceEntity>
<targetCardinalityString>*</targetCardinalityString>
<targetEntity>344ABEBE-540A-471A-05BE-1D5168DAA812</targetEntity>
<transferable>true</transferable>
<deleteRule>NO ACTION</deleteRule>
</Relation>