<?xml version = '1.0' encoding = 'UTF-8'?>
<Entity class="oracle.dbtools.crest.model.design.logical.Entity" directorySegmentName="seg_0" id="7DC416CE-3630-A520-5DD0-4596A1655560" name="INSTITUCION SALUD">
<createdBy>jeiso</createdBy>
<createdTime>2025-09-15 16:53:36 UTC</createdTime>
<generatorID>3FD3E038-ACCF-7E7C-52BE-04D4C1C60E5D</generatorID>
<ownerDesignName>Clinicacompleto</ownerDesignName>
<engineerTo>
<item key="49468670-24B1-051F-4D53-00F6142D1F60" value="true"/>
</engineerTo>
<adequatelyNormalized>NO</adequatelyNormalized>
<expectedVolumes>0</expectedVolumes>
<fwdEngineeringStrategyName>Single Table</fwdEngineeringStrategyName>
<growthPercent>0</growthPercent>
<growthType>Year</growthType>
<maxVolumes>9999999</maxVolumes>
<minVolumes>0</minVolumes>
<normalForm>Third</normalForm>
<attributes itemClass="oracle.dbtools.crest.model.design.logical.Attribute">
<Attribute name="codigo" id="5C001434-94B1-F6F0-0912-35108CAE273D">
<createdBy>jeiso</createdBy>
<createdTime>2025-09-15 16:53:36 UTC</createdTime>
<generatorID>27B9DA2D-D5DF-7402-E3EE-5936403C1679</generatorID>
<ownerDesignName>Clinicacompleto</ownerDesignName>
<engineerTo>
<item key="49468670-24B1-051F-4D53-00F6142D1F60" value="true"/>
</engineerTo>
<use>0</use>
<logicalDatatype>LOGDT024</logicalDatatype>
<domain>573F88AB-A0C2-7103-B3A4-0A2D344B31B9</domain>
<ownDataTypeParameters>,,</ownDataTypeParameters>
</Attribute>
<Attribute name="nombre" id="08E2269E-AB17-801F-E2C4-20C33A2D073E">
<createdBy>jeiso</createdBy>
<createdTime>2025-09-15 16:53:36 UTC</createdTime>
<generatorID>1CC06296-5558-0B74-D556-DF3EF92CD0A1</generatorID>
<ownerDesignName>Clinicacompleto</ownerDesignName>
<engineerTo>
<item key="49468670-24B1-051F-4D53-00F6142D1F60" value="true"/>
</engineerTo>
<use>0</use>
<logicalDatatype>LOGDT024</logicalDatatype>
<domain>EAE66029-AB97-6231-86C8-71E7EB8F6124</domain>
<ownDataTypeParameters>,,</ownDataTypeParameters>
</Attribute>
</attributes>
<identifiers itemClass="oracle.dbtools.crest.model.design.logical.CandidateKey">
<identifier id="BB41DC7F-118E-17A7-440B-D0C62C14B703" name="INSTITUCION SALUD PK">
<createdBy>jeiso</createdBy>
<createdTime>2025-09-15 16:53:36 UTC</createdTime>
<generatorID>B0516E5C-631F-927E-41FB-DB980DC09BD6</generatorID>
<ownerDesignName>Clinicacompleto</ownerDesignName>
<engineerTo>
<item key="49468670-24B1-051F-4D53-00F6142D1F60" value="true"/>
</engineerTo>
<pk>true</pk>
<usedAttributes>
<attributeRef>5C001434-94B1-F6F0-0912-35108CAE273D</attributeRef>
</usedAttributes>
</identifier>
</identifiers>
</Entity>