<?xml version = '1.0' encoding = 'UTF-8'?>
<Entity class="oracle.dbtools.crest.model.design.logical.Entity" directorySegmentName="seg_0" id="CC855823-1686-E6A7-FB50-37FC207A8051" name="SOLICITUD EXAMEN">
<createdBy>jeiso</createdBy>
<createdTime>2025-09-15 16:53:36 UTC</createdTime>
<generatorID>08C99935-0A43-E090-920A-11A31D45FEDD</generatorID>
<ownerDesignName>Clinicacompleto</ownerDesignName>
<engineerTo>
<item key="49468670-24B1-051F-4D53-00F6142D1F60" value="true"/>
</engineerTo>
<adequatelyNormalized>NO</adequatelyNormalized>
<expectedVolumes>0</expectedVolumes>
<fwdEngineeringStrategyName>Single Table</fwdEngineeringStrategyName>
<growthPercent>0</growthPercent>
<growthType>Year</growthType>
<maxVolumes>9999999</maxVolumes>
<minVolumes>0</minVolumes>
<normalForm>Third</normalForm>
<attributes itemClass="oracle.dbtools.crest.model.design.logical.Attribute">
<Attribute name="id solicitud" id="5FC127B2-E441-FEC3-631A-43F9B8AEF5FA">
<createdBy>jeiso</createdBy>
<createdTime>2025-09-15 16:53:36 UTC</createdTime>
<generatorID>BAD0F40C-38DE-F7A2-E1BA-E2C74B0821E3</generatorID>
<ownerDesignName>Clinicacompleto</ownerDesignName>
<engineerTo>
<item key="49468670-24B1-051F-4D53-00F6142D1F60" value="true"/>
</engineerTo>
<use>0</use>
<logicalDatatype>LOGDT019</logicalDatatype>
<domain>BAE87FEB-ACEC-B187-9E21-FB3A10990546</domain>
<ownDataTypeParameters>,,</ownDataTypeParameters>
</Attribute>
<Attribute name="paciente rut" id="BE6D714D-5A1F-3603-041B-4BE3CEAFCDF0">
<createdBy>jeiso</createdBy>
<createdTime>2025-09-15 16:53:36 UTC</createdTime>
<generatorID>26E77C0A-7797-86FD-4F59-DE0BAD471A35</generatorID>
<ownerDesignName>Clinicacompleto</ownerDesignName>
<engineerTo>
<item key="49468670-24B1-051F-4D53-00F6142D1F60" value="true"/>
</engineerTo>
<referedAttribute>F28A4BAB-ADE6-7A4B-9E40-711B2D6865B8</referedAttribute>
<use>0</use>
<logicalDatatype>LOGDT024</logicalDatatype>
<domain>E28E64AB-F613-7DF5-603D-98E686EA0A39</domain>
<ownDataTypeParameters>,,</ownDataTypeParameters>
</Attribute>
<Attribute name="medico rut" id="DD704527-A16E-8F48-E4B5-3738C71ADE25">
<createdBy>jeiso</createdBy>
<createdTime>2025-09-15 16:53:36 UTC</createdTime>
<generatorID>4A54653E-9C4F-B0E2-E0E8-EE645735F010</generatorID>
<ownerDesignName>Clinicacompleto</ownerDesignName>
<engineerTo>
<item key="49468670-24B1-051F-4D53-00F6142D1F60" value="true"/>
</engineerTo>
<referedAttribute>CC9E8B6F-7E2F-FD40-D03B-C1580DEF3543</referedAttribute>
<use>0</use>
<logicalDatatype>LOGDT024</logicalDatatype>
<domain>E28E64AB-F613-7DF5-603D-98E686EA0A39</domain>
<ownDataTypeParameters>,,</ownDataTypeParameters>
</Attribute>
<Attribute name="examen codigo" id="EAD6A238-6756-C35C-E913-4B9CFED8CE21">
<createdBy>jeiso</createdBy>
<createdTime>2025-09-15 16:53:36 UTC</createdTime>
<generatorID>5501C84C-194E-6397-5965-28EC93F48C47</generatorID>
<ownerDesignName>Clinicacompleto</ownerDesignName>
<engineerTo>
<item key="49468670-24B1-051F-4D53-00F6142D1F60" value="true"/>
</engineerTo>
<referedAttribute>3ADDBE32-E52A-0EDF-82A3-A263F6FAA439</referedAttribute>
<use>0</use>
<logicalDatatype>LOGDT024</logicalDatatype>
<domain>573F88AB-A0C2-7103-B3A4-0A2D344B31B9</domain>
<ownDataTypeParameters>,,</ownDataTypeParameters>
</Attribute>
<Attribute name="fecha solicitud" id="1EF7D67C-7419-FED3-3D1B-D09D6D1AAB1A">
<createdBy>jeiso</createdBy>
<createdTime>2025-09-15 16:53:36 UTC</createdTime>
<generatorID>492825D0-A790-17E8-F151-72E662FB70D7</generatorID>
<ownerDesignName>Clinicacompleto</ownerDesignName>
<engineerTo>
<item key="49468670-24B1-051F-4D53-00F6142D1F60" value="true"/>
</engineerTo>
<use>0</use>
<logicalDatatype>LOGDT007</logicalDatatype>
<domain>C127EB1A-5B5B-D8A8-FA67-9EA7F3F2B0FF</domain>
<ownDataTypeParameters>,,</ownDataTypeParameters>
</Attribute>
<Attribute name="resultado" id="790832D9-7681-A101-7A8A-C276CC6C3A01">
<createdBy>jeiso</createdBy>
<createdTime>2025-09-15 16:53:36 UTC</createdTime>
<generatorID>E4A5FD12-E706-F47F-4B3D-ABF36972CC79</generatorID>
<ownerDesignName>Clinicacompleto</ownerDesignName>
<engineerTo>
<item key="49468670-24B1-051F-4D53-00F6142D1F60" value="true"/>
</engineerTo>
<nullsAllowed>true</nullsAllowed>
<use>0</use>
<logicalDatatype>LOGDT024</logicalDatatype>
<domain>0A0EEDE1-5F2B-101C-CCB7-A71854FAE8BE</domain>
<ownDataTypeParameters>,,</ownDataTypeParameters>
</Attribute>
</attributes>
<identifiers itemClass="oracle.dbtools.crest.model.design.logical.CandidateKey">
<identifier id="78FB7C27-E12E-3A14-4FB1-FC9BB2FBBB75" name="SOLICITUD EXAMEN PK">
<createdBy>jeiso</createdBy>
<createdTime>2025-09-15 16:53:36 UTC</createdTime>
<generatorID>9A8C794B-7CA1-10D8-0BBF-668EBE5BFE82</generatorID>
<ownerDesignName>Clinicacompleto</ownerDesignName>
<engineerTo>
<item key="49468670-24B1-051F-4D53-00F6142D1F60" value="true"/>
</engineerTo>
<pk>true</pk>
<usedAttributes>
<attributeRef>5FC127B2-E441-FEC3-631A-43F9B8AEF5FA</attributeRef>
</usedAttributes>
</identifier>
</identifiers>
</Entity>